search_string,start_time,end_time,sentence,video_id,video_url
ne o beni ne de ben onu bir daha,3870,3873,bundan böyle ne o beni ne de ben onu bir daha asla görmeyeceğim,FUS0hsPCtMs,https://www.youtube.com/watch?v=FUS0hsPCtMs&t=3870s
bu kadar mı hayır bu kadar değil,761,764,ölüm bir terhistir dedik terhis olan mutlu olur dedik bu kadar mı hayır bu kadar değil başka ne var,vOWbfQ0tIyU,https://www.youtube.com/watch?v=vOWbfQ0tIyU&t=761s
var değil mi mi ben çok çok yok,84,86,ülkelerde yoğunluk var değil mi mi ben çok çok yok vardı var bir de gelecek kandemirden dolayı,cUfp2lydmho,https://www.youtube.com/watch?v=cUfp2lydmho&t=84s
yok çok değil o kadar da değil,4267,4268,yok çok değil o kadar da değil,IGJVw1HjIHc,https://www.youtube.com/watch?v=IGJVw1HjIHc&t=4267s
yok çok değil o kadar da değil,4267,4268,yok çok değil o kadar da değil,ZSX8Onpr7Qw,https://www.youtube.com/watch?v=ZSX8Onpr7Qw&t=4267s
çok bir şey değil ama ben bunu,1663,1665,çok bir şey değil ama ben bunu almanı istiyorum,EtWqWE8gdF0,https://www.youtube.com/watch?v=EtWqWE8gdF0&t=1663s
yok yok yok sen onu değil bunu,5166,5168,yok yok yok sen onu değil bunu al,t4G3MB0ULX4,https://www.youtube.com/watch?v=t4G3MB0ULX4&t=5166s
bir şey yok değil mi hayır yok,2698,2702,kötü bir şey yok değil mi hayır yok işle ilgili,ZvpiV4iHzOE,https://www.youtube.com/watch?v=ZvpiV4iHzOE&t=2698s
ne kadar çok şey var değil mi,4186,4188,birbirimizin hakkında bilmediğimiz ne kadar çok şey var değil mi,aMRBsJyZFYc,https://www.youtube.com/watch?v=aMRBsJyZFYc&t=4186s
değil mi yok bir şey değil mi,764,767,reyyan iyisin değil mi yok bir şey değil mi,cQbynkEPQqs,https://www.youtube.com/watch?v=cQbynkEPQqs&t=764s
bu daha bir şey değil sen bir,6427,6429,oğlum bu daha bir şey değil sen bir yukarı çık asıl bomba yukarıda,Q8KfV3zaCYQ,https://www.youtube.com/watch?v=Q8KfV3zaCYQ&t=6427s
ama bu o kadar şey değil evet,394,397,ama bu o kadar şey değil evet,U4CqkDvAE_Q,https://www.youtube.com/watch?v=U4CqkDvAE_Q&t=394s
bir şey var ve o bir şey beni,761,764,yani bir şey var ve o bir şey beni orada yükseltti diyordum hayır,_xkIGh8MnI0,https://www.youtube.com/watch?v=_xkIGh8MnI0&t=761s
hayır hayır çok şey değil sen,3880,3883,hayır hayır çok şey değil sen normal şeyler istiyorsun ama işte yaşadığımız hayatlar,5o2rhvamLBM,https://www.youtube.com/watch?v=5o2rhvamLBM&t=3880s
bir çok şey için o kadar çok,90,92,bir çok şey için o kadar çok teşekkür etmek istiyorum ki hepinize,EVexraDiTFc,https://www.youtube.com/watch?v=EVexraDiTFc&t=90s
bir şey yok değil mi sen çok,5927,5930,ya kötü bir şey yok değil mi sen çok önemli deyince,RCJjWkmMdD4,https://www.youtube.com/watch?v=RCJjWkmMdD4&t=5927s
ama değil mi yok bir şey bir,2625,2628,i yisin ama değil mi yok bir şey bir sıkıntı olmadı yani,AdJxPlzipw0,https://www.youtube.com/watch?v=AdJxPlzipw0&t=2625s
yok o kadar da şey değil ama,1804,1807,günlüklerin falandır bekliyorlar acaba yok o kadar da şey değil ama benim sana tavsiyem ilk,AvfpnsqaWw4,https://www.youtube.com/watch?v=AvfpnsqaWw4&t=1804s
bir şey var ve sen bana bunu,3621,3624,var var bir şeyler var tatsız bir şey var ve sen bana bunu anlatacaksın,bLSG6R3LgeY,https://www.youtube.com/watch?v=bLSG6R3LgeY&t=3621s
bu bir şey değil ben bir şey,4991,4992,ay yeter abla bu bir şey değil ben bir şey söyleyeyim mi,BWSxerD3LDc,https://www.youtube.com/watch?v=BWSxerD3LDc&t=4991s
değil değil mi ama ben bunu,782,785,belli değil değil mi ama ben bunu şöyle makasın ucunu kullanıyorum şöyle yeni altıgen şöyle,2kbuzrWxBdk,https://www.youtube.com/watch?v=2kbuzrWxBdk&t=782s
da var yok yok daha çok var,2037,2039,yarına da var yok yok daha çok var,zXR_pFRSE7s,https://www.youtube.com/watch?v=zXR_pFRSE7s&t=2037s
ama bu şey gibi bir şey ben,609,611,ama bu şey gibi bir şey ben oturup bütün ömrümü araştırmaya bir şeyler öğrenmeye versem de,73i1PMjRL_Q,https://www.youtube.com/watch?v=73i1PMjRL_Q&t=609s
var gibi de ama yok gibi de,64,68,var gibi de ama yok gibi de,ghAr1nU391c,https://www.youtube.com/watch?v=ghAr1nU391c&t=64s
hayır hayır bir ama ben sen,6690,6693,hayır hayır bir ama ben sen,YedJhuZQqpI,https://www.youtube.com/watch?v=YedJhuZQqpI&t=6690s
ama o değil o değil bana bu,3538,3541,yaren olsun ama o değil o değil bana bu acıları yaşatan sizsiniz,ToOXvzUBH9o,https://www.youtube.com/watch?v=ToOXvzUBH9o&t=3538s
o kadar da şey değil sen de,5071,5074,ya burcu o kadar da şey değil sen de yapma ya,bt7g4VoVBoE,https://www.youtube.com/watch?v=bt7g4VoVBoE&t=5071s
ama bu kadar bir şey yok da,6352,6354,ama bu kadar bir şey yok da bence yani,pvsImT6E4yM,https://www.youtube.com/watch?v=pvsImT6E4yM&t=6352s
mı beni bir daha da ne bunu,2175,2178,anladın mı beni bir daha da ne bunu konuşmak ne de duymak istiyorum,8vpg6d_fGv8,https://www.youtube.com/watch?v=8vpg6d_fGv8&t=2175s
bunu bir sen bir ben ve bir,8438,8441,bunu bir sen bir ben ve bir allah azze ve celleden gayrı kimse bilmesin,7XVwNBlTIWs,https://www.youtube.com/watch?v=7XVwNBlTIWs&t=8438s
yok ben seni değil sen beni,5710,5712,yok ben seni değil sen beni yanlış anladın galiba,i26oblZnXUU,https://www.youtube.com/watch?v=i26oblZnXUU&t=5710s
hayır hayır bir ama ben sen,6690,6693,hayır hayır bir ama ben sen,QIY5a9P6030,https://www.youtube.com/watch?v=QIY5a9P6030&t=6690s
bir şey değil ama ben de bu,111,113,bir şey değil ama ben de bu sıvılar zaten olduğu için soran arkadaşlar da olduğuydu,kEzwP1OhlaY,https://www.youtube.com/watch?v=kEzwP1OhlaY&t=111s
bir şey var değil mi bu çok,724,726,böyle bir şey var değil mi bu çok keskin bir şey değil mi ya buna inanıyorlar mı,xcQkHqSe6FY,https://www.youtube.com/watch?v=xcQkHqSe6FY&t=724s
sen de sen de seni ne kadar,4445,4449,sen de sen de seni ne kadar sevdiğimin farkında değilsin demir,w25yutHRugA,https://www.youtube.com/watch?v=w25yutHRugA&t=4445s
yok yok sen de bir şey var,6132,6134,yok yok sen de bir şey var,TTrVFSRUGIE,https://www.youtube.com/watch?v=TTrVFSRUGIE&t=6132s
de var ama ben daha çok bu,516,518,bunun mavisi de var ama ben daha çok bu rengini seviyorum,kgO5KJaTCy0,https://www.youtube.com/watch?v=kgO5KJaTCy0&t=516s
bu hayır hayır bir şey yok,4514,4515,ne diyor oğlum bu hayır hayır bir şey yok,Kfqr0U0FcXQ,https://www.youtube.com/watch?v=Kfqr0U0FcXQ&t=4514s
yok yok ben de bir şey yok,50,52,yok yok ben de bir şey yok,FzHO9BqY_Vc,https://www.youtube.com/watch?v=FzHO9BqY_Vc&t=50s
bir şey var mı yok yok yok,2225,2227,gösterelim bakalım gerçekten böyle bir şey var mı yok yok yok eskiden şimdi yeni lan,XswBqDSbWjI,https://www.youtube.com/watch?v=XswBqDSbWjI&t=2225s
da sen de bana o kadar çok,5074,5076,ablan da sen de bana o kadar çok yardımcı oldunuz ki her konuda,J435iJWU6vc,https://www.youtube.com/watch?v=J435iJWU6vc&t=5074s
evet bu da bir şey yok yok,751,755,evet bu da bir şey yok yok of of of siyah bir şey oha ağabey bu mustafa elleme onunla gece,OXmeI2243Ws,https://www.youtube.com/watch?v=OXmeI2243Ws&t=751s
yok bu değil de o da değil,297,300,yok bu değil de o da değil,4LtEd0U7rOw,https://www.youtube.com/watch?v=4LtEd0U7rOw&t=297s
için bir şey değil ben çok,323,325,bir şey değil yani bu benim için bir şey değil ben çok aşırı acı yerim,fO6ydfR47VU,https://www.youtube.com/watch?v=fO6ydfR47VU&t=323s
bir de bu var o da mı bana,6141,6144,bir de bu var o da mı bana,P_KbNZi5uUo,https://www.youtube.com/watch?v=P_KbNZi5uUo&t=6141s
hayır bir de bana bu kadar,6809,6811,hayır bir de bana bu kadar insanı toplattınız ya uf,C_nsbjuAyrs,https://www.youtube.com/watch?v=C_nsbjuAyrs&t=6809s
değil sen de ne var ne yok,293,297,eh işte fena değil sen de ne var ne yok,7EHq5DVoXas,https://www.youtube.com/watch?v=7EHq5DVoXas&t=293s
bir daha da ne beni ne bir,784,786,bir daha da ne beni ne bir kaleliyi hele de nefesi rüyanda bile görsen tövbe edeceksin anladın mı,KCHy3SxfYUA,https://www.youtube.com/watch?v=KCHy3SxfYUA&t=784s
için için bu kadar bir şey,2022,2026,veremeyeceğim için için bu kadar bir şey kursun içerisinde ayrıyeten var bak ozan,bRIjl3yF01U,https://www.youtube.com/watch?v=bRIjl3yF01U&t=2022s
ne kadar var değil mi daha,624,626,demiştim ki ama benzedikleri mi siliyorum demişim normalde ne kadar var değil mi daha fazla üç gün,Vi37chop3Os,https://www.youtube.com/watch?v=Vi37chop3Os&t=624s
yok o kadar değil bu kadar,3455,3457,yok o kadar değil bu kadar falan vardır,wH4L9NiHHIE,https://www.youtube.com/watch?v=wH4L9NiHHIE&t=3455s
gibi de değil ama değil mi,7273,7275,hiç bir şey eskisi gibi de değil ama değil mi,kdu4v7Qh7S8,https://www.youtube.com/watch?v=kdu4v7Qh7S8&t=7273s
ne sen beni ne de ben seni,4075,4078,bana bak ne sen beni ne de ben seni tanımıyorum,pvwgTTH4tKw,https://www.youtube.com/watch?v=pvwgTTH4tKw&t=4075s
hayır hayır var bir şey ne,8138,8140,hayır hayır var bir şey ne oluyor,_6s4xnFSlUM,https://www.youtube.com/watch?v=_6s4xnFSlUM&t=8138s
bir şey var mı bir şey yok,1102,1105,onlar bize baktı kontrol etti bir şey var mı bir şey yok mu sonra yaptılar,luv56Zk_gkY,https://www.youtube.com/watch?v=luv56Zk_gkY&t=1102s
bir şey değil o kadar ama,1503,1505,o iyi bir şey değil o kadar ama,xcQkHqSe6FY,https://www.youtube.com/watch?v=xcQkHqSe6FY&t=1503s
hayır hayır bir şey değil,24,25,clint barton hayır hayır bir şey değil,TPFU6my7WYc,https://www.youtube.com/watch?v=TPFU6my7WYc&t=24s
yok hayır o bir şey değil,478,480,sıkıntı yok mu yok hayır o bir şey değil,4LtEd0U7rOw,https://www.youtube.com/watch?v=4LtEd0U7rOw&t=478s
çok değil mi ben bunu bir,199,201,i ki ay üç gün çok değil mi ben bunu bir ay yap,5JLIqCc8zpA,https://www.youtube.com/watch?v=5JLIqCc8zpA&t=199s
bir şey değil hayır hayır,5796,5798,kötü bir şey değil hayır hayır,L9bkiAADDIY,https://www.youtube.com/watch?v=L9bkiAADDIY&t=5796s
var da sen mi ben mi daha,24281,24286,kask eşittir sırt sırta bizden başka herşey var da sen mi ben mi daha açık durur,qQUZ5d5mpWk,https://www.youtube.com/watch?v=qQUZ5d5mpWk&t=24281s
gibi bir şey var evet sen,1587,1591,görebilirsin balık de olabilir evet bir şey var bolu gibi bir şey var evet sen i smi de biliyorsun,UEUJAgUgP_Q,https://www.youtube.com/watch?v=UEUJAgUgP_Q&t=1587s
var gibi ama daha bir şey,3477,3479,var gibi ama daha bir şey söyleyemem yani sonra söyleyebilirim şimdi değil,iMIQeECfdwE,https://www.youtube.com/watch?v=iMIQeECfdwE&t=3477s
bir şey var o da ben bunu,1765,1767,başka birinin gelip seni çaldığını düşünüyor fakat burada kendi kendine itiraf ettiği bir şey var o da ben bunu hak ettim,b4mdZR5OCUA,https://www.youtube.com/watch?v=b4mdZR5OCUA&t=1765s
gibi bir şey değil mi çok,433,435,bekliyoruz ama türkiyede bekleyip geçiyoruz göz herhalde onun gibi bir şey değil mi çok,xGee6eTzY3s,https://www.youtube.com/watch?v=xGee6eTzY3s&t=433s
bir şey ama seni daha çok,832,834,gerçi ayrım yapmam kötü bir şey ama seni daha çok sevdiğim bir gerçek ve seni asla üzmek istemezdim,rMxxGQVkczU,https://www.youtube.com/watch?v=rMxxGQVkczU&t=832s
hayır hayır o kadar değil,2579,2582,hayır hayır o kadar değil panik yapma iyiyim ben,jCmTFXiThTk,https://www.youtube.com/watch?v=jCmTFXiThTk&t=2579s
bu kadar şey bir şey daha,29,30,hayatımda bu kadar küfürlü bu kadar şey bir şey daha görmedim,9Fb1m10cmE4,https://www.youtube.com/watch?v=9Fb1m10cmE4&t=29s
gibi bir şey şey değil mi,1395,1396,bir sonraki ilişkimizde sizinle buluşalım gibi bir şey şey değil mi,GZG9nDbIgXM,https://www.youtube.com/watch?v=GZG9nDbIgXM&t=1395s
bir şey daha var değil mi,1,3,kimseye anlatmadığın bir şey daha var değil mi duygu,Phnzpwdvz6s,https://www.youtube.com/watch?v=Phnzpwdvz6s&t=1s
gibi değil mi bu bu kadar,1573,1576,ya sanki dizini kaldırmış yere düşmüş bir şey gösteriyormuş gibi değil mi bu bu kadar çık bu,wMwnmSxxhBw,https://www.youtube.com/watch?v=wMwnmSxxhBw&t=1573s
yok daha bir şey yok ben,1436,1439,olarak kağıt üstünde var ama ortada doğru düzgün ürün yok ürün belki traction yok daha bir şey yok ben orayıda co founder,VQ4fb1LsG6Q,https://www.youtube.com/watch?v=VQ4fb1LsG6Q&t=1436s
sen bir şey yok değil mi,6179,6181,ne oldu canım iyi misin sen bir şey yok değil mi,N5rqYAWRdu4,https://www.youtube.com/watch?v=N5rqYAWRdu4&t=6179s
değil mi ama bu kadar da,2795,2797,değil mi ama bu kadar da kaba olunmaz ki,QyJBnfh233A,https://www.youtube.com/watch?v=QyJBnfh233A&t=2795s
şey değil mi hayır hayır,6137,6139,yok emniyeti şey değil mi hayır hayır emniyeti açık onun,r1eZ_SdK_24,https://www.youtube.com/watch?v=r1eZ_SdK_24&t=6137s
bir şey değil mi yok yok,2932,2933,kötü bir şey değil mi yok yok,MuqJeFdzXgE,https://www.youtube.com/watch?v=MuqJeFdzXgE&t=2932s
sen o ama bu kadar da mı,3925,3927,bir dakika sen o ama bu kadar da mı ya,XPGhLx3rcf0,https://www.youtube.com/watch?v=XPGhLx3rcf0&t=3925s
bir şey yok ama değil mi,3394,3396,bu gebe halinle çarşaf katla ütü yap cam sil demeye gelince bir şey yok ama değil mi,KCHy3SxfYUA,https://www.youtube.com/watch?v=KCHy3SxfYUA&t=3394s
değil mi yok yok bir şey,4378,4380,üşümeyiz değil mi yok yok bir şey olmaz,FH2BgOVARVo,https://www.youtube.com/watch?v=FH2BgOVARVo&t=4378s
var ve bunu ne kadar çok,142,145,bana biraz da itiraz gibi geliyor yani şu sisteme benim itirazım var ve bunu ne kadar çok kişiye yayabilirsem,aKhqwoPQ9W8,https://www.youtube.com/watch?v=aKhqwoPQ9W8&t=142s
bir şey yok değil mi yok,6271,6273,bir şey yok değil mi yok iyiyim iyiyim,0R2LivDo2wQ,https://www.youtube.com/watch?v=0R2LivDo2wQ&t=6271s
yok yok o kadar da değil,834,836,yok yok o kadar da değil,Sj5vhnLGKHc,https://www.youtube.com/watch?v=Sj5vhnLGKHc&t=834s
değil bir de ben bir şey,250,253,falan eee öyle değil bir de ben bir şey söyleyeyim bazı,yiGMrvjCN18,https://www.youtube.com/watch?v=yiGMrvjCN18&t=250s
bir şey var mı evet daha,623,626,bir şey var mı evet daha destek tedavilerle ilgili mesela mezoterapi yapıyoruz mezoterapi,eVt9XckQFJM,https://www.youtube.com/watch?v=eVt9XckQFJM&t=623s
o kadar da değil bana da,7505,7508,tamam o kadar da değil bana da bıraksaydın keşke,ohnzxn1P7io,https://www.youtube.com/watch?v=ohnzxn1P7io&t=7505s
yok yok o kadar da değil,3210,3212,yok yok o kadar da değil,y0KzJDKW0WM,https://www.youtube.com/watch?v=y0KzJDKW0WM&t=3210s
bir şey var mı hayır yok,2198,2200,eklemek istediğin bir şey var mı hayır yok,HhrBZuxjFxM,https://www.youtube.com/watch?v=HhrBZuxjFxM&t=2198s
yok yok o kadar da değil,1367,1369,yok yok o kadar da değil yani,0uQYi8A_eH4,https://www.youtube.com/watch?v=0uQYi8A_eH4&t=1367s
bunu ben onu o kadar çok,3162,3164,bunu ben onu o kadar çok severken benden kurtulmak için yaptığına mı yanayım,_pRpOiXW2N8,https://www.youtube.com/watch?v=_pRpOiXW2N8&t=3162s
seni beni mi var mı daha,432,435,çevresini benimle okula gitmiyorum arayacağım seni beni mi var mı daha diş sen şimdi bakalım şimdi,CPu5EfPuNao,https://www.youtube.com/watch?v=CPu5EfPuNao&t=432s
yok yok o kadar da değil,2179,2181,yok yok o kadar da değil artık canım cesaret edemez babamdan korkar,SRBkkbE7Uyg,https://www.youtube.com/watch?v=SRBkkbE7Uyg&t=2179s
da bana bir daha bir şey,1145,1147,ben zaten o kaydı da bana bir daha bir şey yapmasın gözü korksun diye almıştım,E4BvFN55l3w,https://www.youtube.com/watch?v=E4BvFN55l3w&t=1145s
bir şey yok değil mi var,3433,3435,önemli bir şey yok değil mi var hayatım var,jzDmk010Ra0,https://www.youtube.com/watch?v=jzDmk010Ra0&t=3433s
şey yok değil mi mi evet,1263,1268,olur ama karakteri neredesiniz nerede aklımdaki kişi şey yok değil mi mi evet,Le2SbXQQIL4,https://www.youtube.com/watch?v=Le2SbXQQIL4&t=1263s
yok yok o kadar da değil,627,630,yok yok o kadar da değil,kWbTrnhgsoM,https://www.youtube.com/watch?v=kWbTrnhgsoM&t=627s
şey var bir de bu var bu,3121,3124,şey var bir de bu var bu hanımın en önemlisi bu,BZ_kP3J6XcI,https://www.youtube.com/watch?v=BZ_kP3J6XcI&t=3121s
bir şey de var o bir şey,1164,1166,fakat bildiği bir şey de var o bir şey verirse sen ona on katını geri verebilecek kapasitedesin,3xCLc2owEtI,https://www.youtube.com/watch?v=3xCLc2owEtI&t=1164s
değil mi ama bu kadar da,2795,2797,değil mi ama bu kadar da kaba olunmaz ki,K5GIun0flM4,https://www.youtube.com/watch?v=K5GIun0flM4&t=2795s
ama bana değil yok değil,7935,7938,ama bana değil yok değil,JvsqNlgYDFc,https://www.youtube.com/watch?v=JvsqNlgYDFc&t=7935s
sen o ama bu kadar da mı,3925,3927,bir dakika sen o ama bu kadar da mı ya,jNTZDRtKZqs,https://www.youtube.com/watch?v=jNTZDRtKZqs&t=3925s
bir de bir şey daha var,2084,2086,bir de bir şey daha var yalnız etkili bir şey ha bayağı kızardım,ULIc9dn1TNU,https://www.youtube.com/watch?v=ULIc9dn1TNU&t=2084s
gibi değil daha çok bir,38,41,bu nedenle performansım bir dans gibi değil daha çok bir mekanı hissetmekle ilgili,JOGsTT3hDRo,https://www.youtube.com/watch?v=JOGsTT3hDRo&t=38s
gibi bir şey mi ben bir,287,288,böyle çoklu kişilik bozukluğu gibi bir şey mi ben bir filmde izlemiştim de,HhLIORa1NKg,https://www.youtube.com/watch?v=HhLIORa1NKg&t=287s
bir de bir şey daha var,2084,2086,bir de bir şey daha var yalnız etkili bir şey ha bayağı kızardım,7gw4cgfRxPM,https://www.youtube.com/watch?v=7gw4cgfRxPM&t=2084s
da ben seni o kadar çok,4603,4605,ondan sonra da ben seni o kadar çok sevdim ki,eh8Ge0Auk4k,https://www.youtube.com/watch?v=eh8Ge0Auk4k&t=4603s
hayır hayır sen de beni,3346,3348,hayır hayır sen de beni seviyorsun,vY7Q1i03tlg,https://www.youtube.com/watch?v=vY7Q1i03tlg&t=3346s
hayır bu kadar da değil,640,641,yani birisi linç edilirken bir dakika ya hayır bu kadar da değil filan,mii242r0WWQ,https://www.youtube.com/watch?v=mii242r0WWQ&t=640s
var mı bir ama sen bana,373,375,iki gösteremedi de namazımızı basmış gibi olduğunuz dedim karadeniz var mı bir ama sen bana,EyQTMdxuqSs,https://www.youtube.com/watch?v=EyQTMdxuqSs&t=373s
bir şey var ama bunu da,2346,2349,aynı zamanda çok gizlediğin bir şey var ama bunu da itiraf etmek istiyorum ona aşığım,eJrrDQe1scs,https://www.youtube.com/watch?v=eJrrDQe1scs&t=2346s
ben de var mı o var var,4964,4966,ben de var mı o var var,aQtPOiovlzM,https://www.youtube.com/watch?v=aQtPOiovlzM&t=4964s
bir şey mi değil mi onu,3188,3190,ama bu iyi bir şey mi değil mi onu bilmiyorum,MxXpMANYQn0,https://www.youtube.com/watch?v=MxXpMANYQn0&t=3188s
ve bu o kadar da ben de,1726,1728,ve bu o kadar da ben de kameraya koymuşum ki yani elimin damarları görecekler değilse biraz fazla,wMwnmSxxhBw,https://www.youtube.com/watch?v=wMwnmSxxhBw&t=1726s
şey var bir de değil mi,744,746,doğru diyorsunuz h kim bey amca öyle şey var bir de değil mi,3Fy5tvgO5OA,https://www.youtube.com/watch?v=3Fy5tvgO5OA&t=744s
hayır mı var bir de çok,1465,1468,halletmeyip ne yapacağız senden hayır mı var bir de çok çalışıyor diye sitem ediyor,rH5PqTOIt6Q,https://www.youtube.com/watch?v=rH5PqTOIt6Q&t=1465s
gibi bir şey mi ben bir,6413,6415,böyle çoklu kişilik bozukluğu gibi bir şey mi ben bir filmde izlemiştim de,_FsOnRDIJQQ,https://www.youtube.com/watch?v=_FsOnRDIJQQ&t=6413s
sen de bana ben de seni,3902,3904,sen de bana ben de seni seviyorum demedin mi,VpSpwWMW5eA,https://www.youtube.com/watch?v=VpSpwWMW5eA&t=3902s
o kadar da değil mi şey,877,883,o kadar da değil mi şey,vb2AmX5_77A,https://www.youtube.com/watch?v=vb2AmX5_77A&t=877s
var da o kadar da değil,4003,4005,yani arada okulu falan ektiğim var da o kadar da değil yani sayın hocam,XWd602XfKh0,https://www.youtube.com/watch?v=XWd602XfKh0&t=4003s
ve bu şey bir şey değil,1793,1795,kebabı ve bu şey bir şey değil i nsanlar şey gibi bak abi girişimcilik,6O1Rc3Pmv2s,https://www.youtube.com/watch?v=6O1Rc3Pmv2s&t=1793s
kadar bir şey değil ama,2356,2358,uğurunda eğlence yapacak kadar bir şey değil ama yine de allah bereket versin,v7PglYyVLPQ,https://www.youtube.com/watch?v=v7PglYyVLPQ&t=2356s
ben de seni o kadar çok,7776,7777,ben de seni o kadar çok özledim ki,FN8jOLvssjM,https://www.youtube.com/watch?v=FN8jOLvssjM&t=7776s
hayır hayır yok bir şey,6791,6794,hayır hayır yok bir şey,tsI6CFPkguQ,https://www.youtube.com/watch?v=tsI6CFPkguQ&t=6791s
çok şey var o kadar çok,269,271,anlatmak istediği çok şey var o kadar çok şeyi,nCbLpangfo4,https://www.youtube.com/watch?v=nCbLpangfo4&t=269s
evet ama bu kadar değil,606,608,evet ama bu kadar değil,HImyOvCtNCU,https://www.youtube.com/watch?v=HImyOvCtNCU&t=606s
o kadar da değil mi onu,401,404,yok ya o kadar da değil mi onu suda istiyorlar ya aslında bu sürekli konuşuyorduk olarak görende ki,22K16SvYtEk,https://www.youtube.com/watch?v=22K16SvYtEk&t=401s
hayır yok yok ben değil,1756,1757,soyun oğlum geleneksel hayır yok yok ben değil,SA3R1HniCoM,https://www.youtube.com/watch?v=SA3R1HniCoM&t=1756s
sen beni değil ben seni,6054,6057,yalnız sen beni değil ben seni tıraş edeceğim sami,eFKv8712V4w,https://www.youtube.com/watch?v=eFKv8712V4w&t=6054s
o kadar da değil sen de,1565,1567,yok be oğlum o kadar da değil sen de abartma hemen,JvsqNlgYDFc,https://www.youtube.com/watch?v=JvsqNlgYDFc&t=1565s
ama sen de bu kadar çok,6428,6430,ama sen de bu kadar çok naz yapma sevgili,FN8jOLvssjM,https://www.youtube.com/watch?v=FN8jOLvssjM&t=6428s
gibi ama bir o kadar da,19,22,hava mis gibi ama bir o kadar da serin,sHbEsozVweE,https://www.youtube.com/watch?v=sHbEsozVweE&t=19s
gibi bir şey de var ama,606,608,gibi bir şey de var ama,HJESoPFFRsA,https://www.youtube.com/watch?v=HJESoPFFRsA&t=606s
bir şey yok ben de seni,337,339,bir şey yok ben de seni seviyorum,2dyyyXA5lp4,https://www.youtube.com/watch?v=2dyyyXA5lp4&t=337s
kadar bir şey değil ama,267,269,uğurunda eğlence yapacak kadar bir şey değil ama yine de allah bereket versin,ofwzLS_BNw0,https://www.youtube.com/watch?v=ofwzLS_BNw0&t=267s
ben de seni o kadar çok,2703,2706,ben de seni o kadar çok seviyorum ki,fgOr3z8mSDA,https://www.youtube.com/watch?v=fgOr3z8mSDA&t=2703s
evet bir şey mi var bir,1622,1624,evet bir şey mi var bir sebep mi var,O3iT4_8jUVw,https://www.youtube.com/watch?v=O3iT4_8jUVw&t=1622s
hayır ben seni daha çok,1807,1809,hayır ben seni daha çok seviyorum,lDkLtdDT3ks,https://www.youtube.com/watch?v=lDkLtdDT3ks&t=1807s
evet bir şey mi var bir,1622,1624,evet bir şey mi var bir sebep mi var,poaw32nV1_A,https://www.youtube.com/watch?v=poaw32nV1_A&t=1622s
yok var bir şey var ben,3930,3933,yok var bir şey var ben anlıyorum,JvsqNlgYDFc,https://www.youtube.com/watch?v=JvsqNlgYDFc&t=3930s
o kadar değil ben o ama,804,807,o kadar değil ben o ama benim duvarlardan kalın yani bilmiyorum çatının sıcaklığı,Y23tsXWjMGI,https://www.youtube.com/watch?v=Y23tsXWjMGI&t=804s
gibi değil evet mi evet,875,879,ama şu an kesinlikle ya yenecek gibi değil evet mi evet alıyorum şu bu bitti ürünlerimiz tamam,uQNiS4UGe6E,https://www.youtube.com/watch?v=uQNiS4UGe6E&t=875s
bir şey yok değil mi bu,2270,2272,canını sıkacak bir şey yok değil mi bu aralar,7oJN2fCL7ak,https://www.youtube.com/watch?v=7oJN2fCL7ak&t=2270s
o hayır hayır bir daha,226,228,o hayır hayır bir daha yapıyorum bir dakika zbap ıvjj,lu2RFs4xRuA,https://www.youtube.com/watch?v=lu2RFs4xRuA&t=226s
gibi bir şey değil ama,627,629,hani kendinizi değiştirmeniz gerekiyor gibi bir şey değil ama,39NJ5pDEMAo,https://www.youtube.com/watch?v=39NJ5pDEMAo&t=627s
bu bir şey daha var mı,4771,4776,ben şey yapıyorum be kanka kimse ayırmasın verdiler bu bir şey daha var mı,eYt2lCw2Z7U,https://www.youtube.com/watch?v=eYt2lCw2Z7U&t=4771s
için bu kadar değil mi,213,215,mesele sizin için bu kadar değil mi,8VlGtv6MOyQ,https://www.youtube.com/watch?v=8VlGtv6MOyQ&t=213s
bir şey var da bana mı,5441,5443,bir şey var da bana mı söylemiyorsun ay yok anneciğim yok sakin ol,pWZnIAh9MXo,https://www.youtube.com/watch?v=pWZnIAh9MXo&t=5441s
ben de seni çok ne var,2740,2742,ne var lan ben de seni çok ne var,7hf6KFdMcC0,https://www.youtube.com/watch?v=7hf6KFdMcC0&t=2740s
o da bana ne kadar çok,7537,7539,o da bana ne kadar çok aşık olduğunu harika gizlemiştin,jzDmk010Ra0,https://www.youtube.com/watch?v=jzDmk010Ra0&t=7537s
daha şey değil mi daha,1829,1831,evet ben tabii onları bilmiyorum onlar daha şey değil mi daha,GZG9nDbIgXM,https://www.youtube.com/watch?v=GZG9nDbIgXM&t=1829s
o kadar değil ne kadar,2021,2023,o kadar değil ne kadar,pj52Pr5mUu0,https://www.youtube.com/watch?v=pj52Pr5mUu0&t=2021s
çok şey var ve bunu da,723,725,çünkü birbirimizden öğreneceğimiz çok şey var ve bunu da ancak birbirimize öğreterek yaparsak başarılı oluruz,KXcgiR05Eu8,https://www.youtube.com/watch?v=KXcgiR05Eu8&t=723s
bir bir şey var ben de,5730,5732,bir bir şey var ben de duydum,JV6ZUdw_lXQ,https://www.youtube.com/watch?v=JV6ZUdw_lXQ&t=5730s
gibi değil de daha çok,3968,3971,yani ispikçi gibi değil de daha çok böyle,EFEFEcYl9es,https://www.youtube.com/watch?v=EFEFEcYl9es&t=3968s
o kadar da değil de bu,659,662,gerizekalı o kadar da değil de bu arada,GWsDgpOaPH8,https://www.youtube.com/watch?v=GWsDgpOaPH8&t=659s
beni beni ben değil mi,201,204,beni beni ben değil mi,23s335_laNA,https://www.youtube.com/watch?v=23s335_laNA&t=201s
bu ne kadar ama bir de,767,770,bir yumruk sadece kol bu güçlü gitmez yani bu ne kadar ama bir de vücudun gücünü kullandığın zaman,eYZA9hehwR0,https://www.youtube.com/watch?v=eYZA9hehwR0&t=767s
da o kadar da değil de,830,832,sen bayağı alıştın ha mıncık mıncık bırakayım mı sana bırakma da o kadar da değil de,StouY7hsuSQ,https://www.youtube.com/watch?v=StouY7hsuSQ&t=830s
onu bunu sen de sen bu,1670,1672,ulan cemil şimdi bırak onu bunu sen de sen bu kızı ne yaptın,pP4eIJeUjXU,https://www.youtube.com/watch?v=pP4eIJeUjXU&t=1670s
bir şey de bana şey mi,4267,4269,bir şey de bana şey mi yapsak benim genetikle falan mı oynasak,7OL4fdbXK98,https://www.youtube.com/watch?v=7OL4fdbXK98&t=4267s
bir şey var mı yok çok,816,818,söylemek istediğin başka bir şey var mı yok çok teşekkür ederim,j1jgprjyYxw,https://www.youtube.com/watch?v=j1jgprjyYxw&t=816s
bunu sen de ben de çok,1429,1431,bunu sen de ben de çok iyi biliyoruz,16ffmJv44fA,https://www.youtube.com/watch?v=16ffmJv44fA&t=1429s
şey gibi bir şey değil,953,954,bu oldukça üzücü bir şey yani şey gibi bir şey değil,aqa_2SDWwjA,https://www.youtube.com/watch?v=aqa_2SDWwjA&t=953s
bir şey var mı ben onu,1857,1860,güzel bir şey var mı ben onu sana fotoğraf bir şey yazmayacağım buraya et fazla,eYt2lCw2Z7U,https://www.youtube.com/watch?v=eYt2lCw2Z7U&t=1857s
değil ama bu kadar çok,90,92,asla şikayet olarak değil ama bu kadar çok istenen satılan bir ürününüzün,yPEp_VQpooY,https://www.youtube.com/watch?v=yPEp_VQpooY&t=90s
ama bana daha çok daha,291,293,ama bana daha çok daha etkili kesin bir çözüm lazımbenim fazla vaktim yok,HnG9kyy7qW0,https://www.youtube.com/watch?v=HnG9kyy7qW0&t=291s
gibi bir şey değil ama,5331,5333,bizimki sizinki gibi bir şey değil ama,1s60RPDoaNU,https://www.youtube.com/watch?v=1s60RPDoaNU&t=5331s
yok var bir şey de sen,5837,5839,yok var bir şey de sen demiyorsun ne oldu söyle,FuAkKW6NVuM,https://www.youtube.com/watch?v=FuAkKW6NVuM&t=5837s
ama bir o kadar da bir,1968,1970,ama bir o kadar da bir insanı sıfırdan trilyarder veya dünyanın en zengin insan olabilecek,9QnUxnhVK8o,https://www.youtube.com/watch?v=9QnUxnhVK8o&t=1968s
bir şey değil değil mi,905,907,ani bir şey değil değil mi,kQkG6D4c_xU,https://www.youtube.com/watch?v=kQkG6D4c_xU&t=905s
yok yok o da değil çok,6196,6199,yok yok o da değil çok şükür de,jwYlYq6oGIU,https://www.youtube.com/watch?v=jwYlYq6oGIU&t=6196s
mi var yok hayır hayır,7865,7868,ne oldu kötü haber mi var yok hayır hayır,xD8uW0Hj6v0,https://www.youtube.com/watch?v=xD8uW0Hj6v0&t=7865s
evet de bir de şey var,4922,4925,evet de bir de şey var,bKV0xesPfJQ,https://www.youtube.com/watch?v=bKV0xesPfJQ&t=4922s
bir şey değil mi bu bu,1033,1036,boş ol diyorsun çok ayıp bir şey değil mi bu bu saatten sonra bu kadar şeyden sonra yakıştı mı sana,L762gSxjPHc,https://www.youtube.com/watch?v=L762gSxjPHc&t=1033s
bir şey değil değil mi,3600,3602,azra kötü bir şey değil değil mi,sRRlYasWUaM,https://www.youtube.com/watch?v=sRRlYasWUaM&t=3600s
o değil ama sen de bir,352,354,atıyorsun götünüz yemeyeceği geri kaçıyorsun sonra krep daha önemli o değil ama sen de bir,OZhgDD1ScBg,https://www.youtube.com/watch?v=OZhgDD1ScBg&t=352s
var ve bana bir şey mi,526,528,yoksa allah var ve bana bir şey mi anlatmak istiyor ede ha,74xhLbzeNU0,https://www.youtube.com/watch?v=74xhLbzeNU0&t=526s
yok hayır ben ben bunu,3659,3661,yok hayır ben ben bunu alamam,9Wh9FqL2Xk8,https://www.youtube.com/watch?v=9Wh9FqL2Xk8&t=3659s
var mı gibi bir şey de,2099,2101,böyle bir kavram sunuyorum haberiniz var mı gibi bir şey de karşılaşabilirsiniz size şimdi,TMLCOvRyZE4,https://www.youtube.com/watch?v=TMLCOvRyZE4&t=2099s
mı bir daha ama sen mi,491,494,mı almamış mı bir daha ama sen mi taktın onlar geçiyor su tatlı bunuda,F6gI2Pjt5Bs,https://www.youtube.com/watch?v=F6gI2Pjt5Bs&t=491s
bir şey değil değil mi,724,726,bir bir olması da herkes için iyi bir şey değil değil mi bilal,pvsImT6E4yM,https://www.youtube.com/watch?v=pvsImT6E4yM&t=724s
ama çok değil değil mi,407,411,abone ol ama çok değil değil mi biraz var ama evet şimdi genel olarak bir bakıldı jantı eklenir bir,o4LyycKz0wg,https://www.youtube.com/watch?v=o4LyycKz0wg&t=407s
bir şey var mı bunu da,2603,2605,peki bu ay dikkat etmeniz veya bilmeniz gereken herhangi bir şey var mı bunu da,VxWNvMpYujU,https://www.youtube.com/watch?v=VxWNvMpYujU&t=2603s
değil bu kadar çok çok,2445,2447,yazı değil bu kadar çok çok zor yazılı yapmaz yani inşallah yapmıyorlardı öğretmenlerimiz,rKpNLCUBvks,https://www.youtube.com/watch?v=rKpNLCUBvks&t=2445s
bir şey gibi değil ama,5659,5662,tamam yani böyle çok kaliteli bir şey gibi değil ama,5k5s_IiQzXc,https://www.youtube.com/watch?v=5k5s_IiQzXc&t=5659s
gibi evet evet bana da,6057,6059,evet aynen uygun gibi evet evet bana da uygun gibi geldi ya bu ev için uygun gibi,FdcrtOMslHI,https://www.youtube.com/watch?v=FdcrtOMslHI&t=6057s
bir daha beni bu kadar,7914,7916,eğer bir daha beni bu kadar uzun süre içeride tutarsan coşkun kendi mezarını kendin kaz,JU9blLfDPuo,https://www.youtube.com/watch?v=JU9blLfDPuo&t=7914s
bir şey mi var da bana,4809,4811,sizin bildiğiniz bir şey mi var da bana söylemiyorsunuz ha,UKVile_HpwQ,https://www.youtube.com/watch?v=UKVile_HpwQ&t=4809s
ve bir daha da beni ne,281,283,ve bir daha da beni ne burada,pZUgbSkK8to,https://www.youtube.com/watch?v=pZUgbSkK8to&t=281s
bir şey değil daha çok,4299,4301,ne yapıyorsunuz yok öyle bir şey değil daha çok böyle,8OjNg0Sspro,https://www.youtube.com/watch?v=8OjNg0Sspro&t=4299s
bir şey değil değil mi,3547,3549,ne işi var ki bu kadar gizli kötü bir şey değil değil mi,BwuZADpRtdM,https://www.youtube.com/watch?v=BwuZADpRtdM&t=3547s
hayır bir de bir değil,1711,1713,hayır bir de bir değil iki değil artık yeter ya,MkqxdY938fw,https://www.youtube.com/watch?v=MkqxdY938fw&t=1711s
bir şey var mı yok yok,5166,5168,yani yardım edebileceğimiz bir şey var mı yok yok iyi,NoeaLFiCFkc,https://www.youtube.com/watch?v=NoeaLFiCFkc&t=5166s
bir şey yok ben de onu,478,479,i şte açıklanacak bir şey yok ben de onu söylüyorum,BWFN4M0mNuk,https://www.youtube.com/watch?v=BWFN4M0mNuk&t=478s
ben için için beni çok,3490,3492,aa ben hiç öyle düşünmemiştim ben için için beni çok sevdiğini düşünmüştüm,5wKh99xBLgw,https://www.youtube.com/watch?v=5wKh99xBLgw&t=3490s
bir şey var mı ve bunu,460,462,bir şey var mı ve bunu sert bir şekilde yapabilir bu yanlış bir yaklaşım ama bunu deneyebilir yani,3J2b9YYf_SY,https://www.youtube.com/watch?v=3J2b9YYf_SY&t=460s
bir şey mi hayır hayır,1216,1218,onayladığın bir şey mi hayır hayır tabii ki de,k1ni27c9C2k,https://www.youtube.com/watch?v=k1ni27c9C2k&t=1216s
gibi değil de daha çok,1657,1660,bence bu oyuncuyu almalısınız gibi değil de daha çok danışmanlık yapmakla ilgisi olabileceğini düşünüyorum,BNHANE6n74k,https://www.youtube.com/watch?v=BNHANE6n74k&t=1657s
o daha kadar değil ama,26,28,o daha kadar değil ama bahşişler vardı,KcPvxkYZrEU,https://www.youtube.com/watch?v=KcPvxkYZrEU&t=26s
bir şey yok ve bu beni,672,676,e bir şey yok ve bu beni,mii242r0WWQ,https://www.youtube.com/watch?v=mii242r0WWQ&t=672s
çok şey değil değil mi,157,160,ve mayoz gibi yani biraz çok şey değil değil mi ya soğuk suda pekmez biraz satılmaz nasıl olur hediye,FTEw92IMSeI,https://www.youtube.com/watch?v=FTEw92IMSeI&t=157s
daha değil bir de seni,6212,6214,daha değil bir de seni kaybedemem,CbkPKh8ETYc,https://www.youtube.com/watch?v=CbkPKh8ETYc&t=6212s
için çok da bir şey de,203,205,de hani kamera çık olsa da olmasa da muhabbet aynı olduğu için çok da bir şey de işe ayrıca,ag2ISgNp8fA,https://www.youtube.com/watch?v=ag2ISgNp8fA&t=203s
yok yok ben bir daha o,6319,6322,yok yok ben bir daha o kızı göremem,s6vN0Sl2F1c,https://www.youtube.com/watch?v=s6vN0Sl2F1c&t=6319s
ama bu çok o kadar şey,900,901,ama bu çok o kadar şey yaptım,iSrsHDQASVs,https://www.youtube.com/watch?v=iSrsHDQASVs&t=900s
da var bu bunu ben çok,1433,1435,bizim evde açsan yerin var abla gibi bir duygu da var bu bunu ben çok iyi hissediyorum,xagFSGk8vT4,https://www.youtube.com/watch?v=xagFSGk8vT4&t=1433s
bir şey yok o kadar bu,5895,5897,hem korkacak bir şey yok o kadar bu yabancı değil,MQ0IE91gvqQ,https://www.youtube.com/watch?v=MQ0IE91gvqQ&t=5895s
bir şey yok şey var ne,1146,1149,ben de konuşacak bir şey yok şey var ne yapıyor iki ne lan allah allah elimizde olan şey de gitti,6XgenY_eEro,https://www.youtube.com/watch?v=6XgenY_eEro&t=1146s
bir şey değil değil mi,3460,3462,ee o tahliller önemli bir şey değil değil mi,Iw1u6ZYA4t8,https://www.youtube.com/watch?v=Iw1u6ZYA4t8&t=3460s
bu kadar ama bu da çok,1355,1360,gemisi kaçtı bu kadar ama bu da çok,VWHKv7pkLiE,https://www.youtube.com/watch?v=VWHKv7pkLiE&t=1355s
bir şey değil değil mi,3730,3731,hayırlı olsun baba elini yoracak bir şey değil değil mi,WhhUMO5C0SE,https://www.youtube.com/watch?v=WhhUMO5C0SE&t=3730s
bir şey var ne bu evet,132,135,yok ama bu yapmış oldum böyle dursun da burada bir şey var ne bu evet şimdi arkadaşlar şu ters,Qxw80Vxwy1A,https://www.youtube.com/watch?v=Qxw80Vxwy1A&t=132s
gibi bir şey değil ama,5804,5807,yani tam kafamdaki gibi bir şey değil ama iş iştir,SdycpaKESd4,https://www.youtube.com/watch?v=SdycpaKESd4&t=5804s
bir şey değil ben bunu,477,479,bu olacak bir şey değil ben bunu beceremem vazgeçiyorum hiçbir zaman demedim,vrqdZwTD5fs,https://www.youtube.com/watch?v=vrqdZwTD5fs&t=477s
sen daha beni ne kadar,298,300,ya sen daha beni ne kadar oyalayacaksın ya sevim hanım ha,PBbgRoZhU_8,https://www.youtube.com/watch?v=PBbgRoZhU_8&t=298s
değil ama şey de değil,144,148,bu da hoş değil ama şey de değil,k_FIso5TYUY,https://www.youtube.com/watch?v=k_FIso5TYUY&t=144s
ama bunu bana değil de,5041,5043,ama bunu bana değil de oğlunuza sorarsanız daha iyi olur,aVPfq1nS6S8,https://www.youtube.com/watch?v=aVPfq1nS6S8&t=5041s
o da beni o da seni ne,7389,7391,o da beni o da seni ne,aMRBsJyZFYc,https://www.youtube.com/watch?v=aMRBsJyZFYc&t=7389s
gibi bir şey değil ama,1105,1107,çok deli gibi bir şey değil ama,R6jUy13AW5w,https://www.youtube.com/watch?v=R6jUy13AW5w&t=1105s
bana ama sen de ben de,6908,6910,i stersen sabaha kadar söv dur bana ama sen de ben de biliyoruz ki,ebGaOVFUc50,https://www.youtube.com/watch?v=ebGaOVFUc50&t=6908s
sen bunu daha ne kadar,2744,2745,asıl soru sen bunu daha ne kadar saklayacaksın reyyandan,Wxk7wlMV04I,https://www.youtube.com/watch?v=Wxk7wlMV04I&t=2744s
de var ben daha çok bu,85,86,ve üç farklı alternatifi de var ben daha çok bu tonlardan hoşlandığım için,GOZAxvikrKo,https://www.youtube.com/watch?v=GOZAxvikrKo&t=85s
değil mi bana daha çok,643,645,değil mi bana daha çok geldi yani ikinci,A4gDeUHRrZg,https://www.youtube.com/watch?v=A4gDeUHRrZg&t=643s
o kadar değil ama daha,5327,5330,o kadar değil ama daha iyi,i5qd1RMfkRE,https://www.youtube.com/watch?v=i5qd1RMfkRE&t=5327s
bir şey değil değil mi,9377,9379,kötü bir şey değil değil mi,EvSVykyXNGE,https://www.youtube.com/watch?v=EvSVykyXNGE&t=9377s
yok yok hayır ben seni,2813,2815,yok yok hayır ben seni ciddiye almayacağım burcu,UrEJ7oAhcX8,https://www.youtube.com/watch?v=UrEJ7oAhcX8&t=2813s
hayır bana da bir şey,728,730,ee hayır bana da bir şey söylemedi,0N3prdA_u8g,https://www.youtube.com/watch?v=0N3prdA_u8g&t=728s
evet evet bu kadar mı,1277,1281,yapmaya kalkmamalıdır evet evet bu kadar mı peki,U4HIWejXzlc,https://www.youtube.com/watch?v=U4HIWejXzlc&t=1277s
değil bu daha çok bir,118,120,cirque du sole güneş sirki anlamına geliyor ama bence tam bir sirk değil bu daha çok bir peri masalı,1KN8foDEwQs,https://www.youtube.com/watch?v=1KN8foDEwQs&t=118s
sen de o kadar da şey,4002,4004,yok canım abartıyorsun sen de o kadar da şey,r6RJWuLenrU,https://www.youtube.com/watch?v=r6RJWuLenrU&t=4002s
var yok değil ama ben,19,22,ilgili işte konuşma işte amca boksör mü işte bunun gibi yorumlar var yok değil ama ben,pY2JYeGELcc,https://www.youtube.com/watch?v=pY2JYeGELcc&t=19s
değil mi evet daha ne,1498,1501,burada spor yapıyorlarmış değil mi evet daha ne hocalı,T3HiONmVKlc,https://www.youtube.com/watch?v=T3HiONmVKlc&t=1498s
seni çok ama ben seni,3555,3560,hayat benim seni çok ama ben seni arayacağım az önceki kadında,Eh_cb2uLVb4,https://www.youtube.com/watch?v=Eh_cb2uLVb4&t=3555s
evet evet ben de bunu,5090,5092,evet evet ben de bunu söylüyorum işte garip,0H2vf25EgmA,https://www.youtube.com/watch?v=0H2vf25EgmA&t=5090s
hayır hayır değil bir,4096,4097,hayır hayır değil bir sonraki,gKPHum_NzX0,https://www.youtube.com/watch?v=gKPHum_NzX0&t=4096s
bir şey değil ben onu,308,310,yani öyle uzun uzadıya bir şey değil ben onu yolda hallederim,p4afjwmtjJk,https://www.youtube.com/watch?v=p4afjwmtjJk&t=308s
evet evet bu çok daha,2206,2208,evet evet bu çok daha doğru olur,XeHNemltygQ,https://www.youtube.com/watch?v=XeHNemltygQ&t=2206s
şey ne kadar daha çok,1603,1604,değil dahi de olabilir tabii ki ama önemli olan şey ne kadar daha çok kitap okursanız ne kadar,Whh9HzTIOyE,https://www.youtube.com/watch?v=Whh9HzTIOyE&t=1603s
yok yok bir şey değil,4788,4790,yok yok bir şey değil sibeli bulamadım da,nyliOKM_9J4,https://www.youtube.com/watch?v=nyliOKM_9J4&t=4788s
daha bu bir şey değil,6885,6886,daha bu bir şey değil,_LqGQPwtH4Q,https://www.youtube.com/watch?v=_LqGQPwtH4Q&t=6885s
bir şey mi var da onu,6224,6225,arayıp da ne bulacaksın benim kaybettiğim bir şey mi var da onu bulacaksın,WcKV1ei1pbo,https://www.youtube.com/watch?v=WcKV1ei1pbo&t=6224s
de var ama ben de şey,1762,1764,daha önemlidir diyen de var ama ben de şey inanıyorum yani çaba her şeyin önüne geliyor yani,Ssg7vpw8Zb4,https://www.youtube.com/watch?v=Ssg7vpw8Zb4&t=1762s
ama bu da bir o kadar,5388,5390,ama bu da bir o kadar tatlı şu h le bak,5k5s_IiQzXc,https://www.youtube.com/watch?v=5k5s_IiQzXc&t=5388s
hayır mı değil mi sen,105,107,hayır mı değil mi sen karar ver ağabey,oTkv1jJ7fkQ,https://www.youtube.com/watch?v=oTkv1jJ7fkQ&t=105s
ama daha çok şey için,2699,2701,biraz ama daha çok şey için,ipzZ7O0J7P0,https://www.youtube.com/watch?v=ipzZ7O0J7P0&t=2699s
de yok değil var evet,753,754,tabii burslu öğrencilerimiz arasında kimsesizler de yok değil var evet,82S9KcNuZes,https://www.youtube.com/watch?v=82S9KcNuZes&t=753s
bir de bu şey var sen,501,503,seni takip edeceğiz yani bir de bu şey var sen kimsin sen niye takip etsin adam veya ben kimim,EYvZmZv3r9I,https://www.youtube.com/watch?v=EYvZmZv3r9I&t=501s
bir şey daha var daha,1036,1038,ama şöyle gurur duyulacak bir şey daha var daha sanıyorum kimse olmadan önce,iEUzOEvInhg,https://www.youtube.com/watch?v=iEUzOEvInhg&t=1036s
bu daha bir şey değil,3396,3398,ya bu daha bir şey değil,fI1BI4d5KFU,https://www.youtube.com/watch?v=fI1BI4d5KFU&t=3396s
bir şey yok ama bu bu,111,113,olan bir daha önce bir şeyler hissettiğiniz ortada bir şey yok ama bu bu hafta gündeme gelebilir yani,i527uap2GfM,https://www.youtube.com/watch?v=i527uap2GfM&t=111s
onu bir daha bu kadar,3327,3329,onu bir daha bu kadar yakınımıza yaklaştırmayacağım merak etme,VwgAnmMsah0,https://www.youtube.com/watch?v=VwgAnmMsah0&t=3327s
daha var ama bunu ben,453,455,son bir mesajım daha var ama bunu ben söylemeyeceğim,OdgyYhCn0O0,https://www.youtube.com/watch?v=OdgyYhCn0O0&t=453s
gibi bir şey değil bu,4454,4457,yani bir sorumluluk bir görev gibi bir şey değil bu,frpPLNtClhE,https://www.youtube.com/watch?v=frpPLNtClhE&t=4454s
ben seni ne kadar çok,6921,6923,ya saçmalama kızım ben seni ne kadar çok seviyorum bilmiyor musun,vleTt0rWGw4,https://www.youtube.com/watch?v=vleTt0rWGw4&t=6921s
sen bana değil mi ama,4707,4709,kızdın sen bana değil mi ama yavrum öyle gariban duruyordu ki,B8Tal07cM8M,https://www.youtube.com/watch?v=B8Tal07cM8M&t=4707s
ne var bir şey mi var,274,276,ne var bir şey mi var teber,_tQc8fwv7cM,https://www.youtube.com/watch?v=_tQc8fwv7cM&t=274s
çok bir şey değil ama,7371,7373,çok bir şey değil ama idare et gari beni,259wx6vTLz4,https://www.youtube.com/watch?v=259wx6vTLz4&t=7371s
değil ama ben bir şey,6129,6131,yengecim üstüme vazife değil ama ben bir şey soracağım size,X48jgyzoQdE,https://www.youtube.com/watch?v=X48jgyzoQdE&t=6129s
bu bir şey değil daha,723,725,bu bir şey değil daha neler yaptı bize,Ny0NMAHIWKE,https://www.youtube.com/watch?v=Ny0NMAHIWKE&t=723s
gibi bir şey değil bu,4289,4291,bağımsızım demek gibi bir şey değil bu tamamen,uQsxPYqkFfw,https://www.youtube.com/watch?v=uQsxPYqkFfw&t=4289s
ne kadar mi evet evet,576,579,ne kadar mi evet evet şimdi gelelim bir de sürpriz size süprizi şöyle küçük bir,jgOHc32Yrq0,https://www.youtube.com/watch?v=jgOHc32Yrq0&t=576s
ben ne var ne yok bir,4790,4791,ben ne var ne yok bir bakayım siz de arkadaşlarınızla bahçede bekleyin tamam mı,8KgIU34hVPc,https://www.youtube.com/watch?v=8KgIU34hVPc&t=4790s
ama bunu ne ben ne de,4449,4451,ama bunu ne ben ne de i lhan yapacağız,I7Q29rHYldg,https://www.youtube.com/watch?v=I7Q29rHYldg&t=4449s
ve bir o kadar da çok,30,31,bugün son derece eğlenceli ve bir o kadar da çok uzun zamandır yapmak istediğim bir videoyla karşınızdayım,pTTVH1RZDp0,https://www.youtube.com/watch?v=pTTVH1RZDp0&t=30s
sen de bir şey var mı,5054,5056,sen de bir şey var mı kırk dört elli beş,aY7pPO7LyX8,https://www.youtube.com/watch?v=aY7pPO7LyX8&t=5054s
değil mi ama ne kadar,223,224,kaynana gitmiştim dünya ikinci en büyük kanyonu diye yazıyor değil mi ama ne kadar süre binmiştik,9CHtP_dfbDs,https://www.youtube.com/watch?v=9CHtP_dfbDs&t=223s
evet mi hayır mı gibi,456,458,evet mi hayır mı gibi bunun içinde bir aziz divane geçip biraz bunun üzerinde düşünmeye gideceğiniz,BZ80_0ARk6w,https://www.youtube.com/watch?v=BZ80_0ARk6w&t=456s
çok bir şey değil ama,7607,7609,çok bir şey değil ama,3n3meg4bfnI,https://www.youtube.com/watch?v=3n3meg4bfnI&t=7607s
değil ama bu kadar da,635,637,aslında yine hala fikirlerim çok fazla değişmiş değil ama bu kadar da önyargılı değilim,VfsC7tWp934,https://www.youtube.com/watch?v=VfsC7tWp934&t=635s
bir şey gibi değil de,640,643,koridorda biz koridoru bir şey gibi değil de,kmMa_UrX998,https://www.youtube.com/watch?v=kmMa_UrX998&t=640s
bu daha bir şey değil,1045,1047,bu daha bir şey değil,shOAxA7WxaQ,https://www.youtube.com/watch?v=shOAxA7WxaQ&t=1045s
bu daha bir şey değil,8623,8625,bu daha bir şey değil züleyha,zmmMNX_dDg4,https://www.youtube.com/watch?v=zmmMNX_dDg4&t=8623s
hayır o bir şey değil,5733,5735,hayır o bir şey değil,m3smE8dAzo4,https://www.youtube.com/watch?v=m3smE8dAzo4&t=5733s
şey sen onu bana daha,4200,4202,hayır canım olur mu öyle şey sen onu bana daha yeni hediye ettin,orEhowBkuKI,https://www.youtube.com/watch?v=orEhowBkuKI&t=4200s
ama yok bana bu kadar,4969,4971,he bak bulaşık sağladım sana ama yok bana bu kadar bulaşık yetmez diyorsan,InLvuI0MAtc,https://www.youtube.com/watch?v=InLvuI0MAtc&t=4969s
gibi bir şey değil de,131,132,hayır canım bir daha seninle çalışmayacağım gibi bir şey değil de,vA4ywYo4QbY,https://www.youtube.com/watch?v=vA4ywYo4QbY&t=131s
bir kadar ama bu bana,565,566,ama onun neredeyse üçte bir fiyatına yani gücü ona göre üçte bir kadar ama bu bana,wtA7ubBIcqI,https://www.youtube.com/watch?v=wtA7ubBIcqI&t=565s
için çok şey değil mi,3877,3880,reyyan için çok şey değil mi i stiyorum ama,5o2rhvamLBM,https://www.youtube.com/watch?v=5o2rhvamLBM&t=3877s
