threegram,fourgram,frequency
bir şey var,bir şey var mı,41773
şey var mı,bir şey var mı,41773
bir sorun mu,bir sorun mu var,21423
sorun mu var,bir sorun mu var,21423
de seni seviyorum,ben de seni seviyorum,17338
ben de seni,ben de seni seviyorum,17338
da ne demek,bu da ne demek,16884
bu da ne,bu da ne demek,16884
gereken bir şey,gereken bir şey var,15683
bir şey var,gereken bir şey var,15683
son ne zaman,en son ne zaman,15141
en son ne,en son ne zaman,15141
başka bir şey,başka bir şey var,12619
bir şey var,başka bir şey var,12619
bir şey daha,bir şey daha var,12185
şey daha var,bir şey daha var,12185
da ne böyle,bu da ne böyle,12110
bu da ne,bu da ne böyle,12110
hayır hayır hayır,hayır hayır hayır hayır,11959
şey mi var,bir şey mi var,11834
bir şey mi,bir şey mi var,11834
o kadar da,o kadar da kötü,10198
kadar da kötü,o kadar da kötü,10198
bir şey mi,bir şey mi oldu,9845
şey mi oldu,bir şey mi oldu,9845
ne var ne,ne var ne yok,9276
var ne yok,ne var ne yok,9276
ne var biliyor,ne var biliyor musun,8447
var biliyor musun,ne var biliyor musun,8447
ne olduğunu biliyor,ne olduğunu biliyor musun,7923
olduğunu biliyor musun,ne olduğunu biliyor musun,7923
ne demek oluyor,da ne demek oluyor,6726
da ne demek,da ne demek oluyor,6726
bir şey değil,önemli bir şey değil,6650
önemli bir şey,önemli bir şey değil,6650
bir şey yok,diye bir şey yok,6532
diye bir şey,diye bir şey yok,6532
başka bir şey,başka bir şey yok,5895
bir şey yok,başka bir şey yok,5895
iyi bir şey,bu iyi bir şey,5753
bu iyi bir,bu iyi bir şey,5753
ne işi var,burada ne işi var,5689
burada ne işi,burada ne işi var,5689
öyle değil mi,de öyle değil mi,5379
de öyle değil,de öyle değil mi,5379
neden böyle bir,neden böyle bir şey,5310
böyle bir şey,neden böyle bir şey,5310
ne demek oluyor,bu ne demek oluyor,5151
bu ne demek,bu ne demek oluyor,5151
bir şey değil,bir şey değil mi,5080
şey değil mi,bir şey değil mi,5080
olduğunu biliyor musun,nerede olduğunu biliyor musun,5037
nerede olduğunu biliyor,nerede olduğunu biliyor musun,5037
çok güzel değil,çok güzel değil mi,5026
güzel değil mi,çok güzel değil mi,5026
bir şey yok,bir şey yok mu,5016
şey yok mu,bir şey yok mu,5016
bir şey ister,bir şey ister misin,4923
şey ister misin,bir şey ister misin,4923
sen ve ben,sadece sen ve ben,4868
sadece sen ve,sadece sen ve ben,4868
gibi bir şey,onun gibi bir şey,4780
onun gibi bir,onun gibi bir şey,4780
kadar da kötü,kadar da kötü değil,4742
da kötü değil,kadar da kötü değil,4742
için bir şey,benim için bir şey,4714
benim için bir,benim için bir şey,4714
önce hiç böyle,daha önce hiç böyle,4183
daha önce hiç,daha önce hiç böyle,4183
bir şey değil,başka bir şey değil,4179
başka bir şey,başka bir şey değil,4179
görmek çok güzel,seni görmek çok güzel,4175
seni görmek çok,seni görmek çok güzel,4175
böyle bir şey,hiç böyle bir şey,4098
hiç böyle bir,hiç böyle bir şey,4098
görmek ne güzel,seni görmek ne güzel,4052
seni görmek ne,seni görmek ne güzel,4052
bir şey mi,yanlış bir şey mi,3948
yanlış bir şey,yanlış bir şey mi,3948
bir şey söyledi,bir şey söyledi mi,3902
şey söyledi mi,bir şey söyledi mi,3902
hiç iyi değil,bu hiç iyi değil,3832
bu hiç iyi,bu hiç iyi değil,3832
bunu daha önce,bunu daha önce de,3803
daha önce de,bunu daha önce de,3803
için çok teşekkür,için çok teşekkür ederim,3598
çok teşekkür ederim,için çok teşekkür ederim,3598
kim olduğunu biliyor,kim olduğunu biliyor musun,3552
olduğunu biliyor musun,kim olduğunu biliyor musun,3552
bir şey olduğunu,nasıl bir şey olduğunu,3521
nasıl bir şey,nasıl bir şey olduğunu,3521
ya da böyle,öyle ya da böyle,3468
öyle ya da,öyle ya da böyle,3468
bu kadar uzun,neden bu kadar uzun,3385
neden bu kadar,neden bu kadar uzun,3385
bir tane daha,bir tane daha var,3315
tane daha var,bir tane daha var,3315
daha önce böyle,daha önce böyle bir,3272
önce böyle bir,daha önce böyle bir,3272
da başka bir,ya da başka bir,3261
ya da başka,ya da başka bir,3261
biliyorsun değil mi,olduğunu biliyorsun değil mi,3258
olduğunu biliyorsun değil,olduğunu biliyorsun değil mi,3258
bir şey yok,hiç bir şey yok,3181
hiç bir şey,hiç bir şey yok,3181
bir şey yok,öyle bir şey yok,3165
öyle bir şey,öyle bir şey yok,3165
yer var mı,bir yer var mı,3157
bir yer var,bir yer var mı,3157
uzun zaman oldu,çok uzun zaman oldu,3119
çok uzun zaman,çok uzun zaman oldu,3119
hepsi bu kadar,hepsi bu kadar mı,3119
bu kadar mı,hepsi bu kadar mı,3119
mi hayır mı,evet mi hayır mı,3110
evet mi hayır,evet mi hayır mı,3110
benim için çok,benim için çok önemli,3102
için çok önemli,benim için çok önemli,3102
biliyorsun değil mi,bunu biliyorsun değil mi,3077
bunu biliyorsun değil,bunu biliyorsun değil mi,3077
zaman ben de,o zaman ben de,3036
o zaman ben,o zaman ben de,3036
bir şey daha,başka bir şey daha,3025
başka bir şey,başka bir şey daha,3025
pek bir şey,pek bir şey yok,2928
bir şey yok,pek bir şey yok,2928
şey için teşekkürler,her şey için teşekkürler,2889
her şey için,her şey için teşekkürler,2889
ben de aynı,ben de aynı şeyi,2749
de aynı şeyi,ben de aynı şeyi,2749
şeyler var mı,bir şeyler var mı,2726
bir şeyler var,bir şeyler var mı,2726
ne kadar güzel,ne kadar güzel bir,2667
kadar güzel bir,ne kadar güzel bir,2667
sen de biliyorsun,bunu sen de biliyorsun,2664
bunu sen de,bunu sen de biliyorsun,2664
ne demek şimdi,da ne demek şimdi,2659
da ne demek,da ne demek şimdi,2659
bunun ne olduğunu,bunun ne olduğunu biliyor,2656
ne olduğunu biliyor,bunun ne olduğunu biliyor,2656
nasıl bu kadar,nasıl bu kadar emin,2642
bu kadar emin,nasıl bu kadar emin,2642
demek biliyor musun,ne demek biliyor musun,2599
ne demek biliyor,ne demek biliyor musun,2599
bir şey mi,kötü bir şey mi,2580
kötü bir şey,kötü bir şey mi,2580
evet ben de,evet ben de öyle,2565
ben de öyle,evet ben de öyle,2565
sana yardım etmek,sana yardım etmek istiyorum,2537
yardım etmek istiyorum,sana yardım etmek istiyorum,2537
olur ne olmaz,ne olur ne olmaz,2497
ne olur ne,ne olur ne olmaz,2497
her şey iyi,her şey iyi olacak,2479
şey iyi olacak,her şey iyi olacak,2479
bir şey değil,öyle bir şey değil,2478
öyle bir şey,öyle bir şey değil,2478
ne demek olduğunu,bunun ne demek olduğunu,2458
bunun ne demek,bunun ne demek olduğunu,2458
ne demek oluyor,ne demek oluyor bu,2431
demek oluyor bu,ne demek oluyor bu,2431
kadar zor olduğunu,ne kadar zor olduğunu,2414
ne kadar zor,ne kadar zor olduğunu,2414
ne kadar önemli,ne kadar önemli olduğunu,2406
kadar önemli olduğunu,ne kadar önemli olduğunu,2406
bu kadar çok,neden bu kadar çok,2394
neden bu kadar,neden bu kadar çok,2394
iyi değil mi,daha iyi değil mi,2362
daha iyi değil,daha iyi değil mi,2362
tek bir şey,tek bir şey var,2360
bir şey var,tek bir şey var,2360
çok kötü bir,çok kötü bir şey,2350
kötü bir şey,çok kötü bir şey,2350
çok önemli bir,çok önemli bir şey,2348
önemli bir şey,çok önemli bir şey,2348
çok büyük bir,bu çok büyük bir,2342
bu çok büyük,bu çok büyük bir,2342
bir şey biliyor,bir şey biliyor musun,2329
şey biliyor musun,bir şey biliyor musun,2329
ya da iki,bir ya da iki,2326
bir ya da,bir ya da iki,2326
ya da hayır,evet ya da hayır,2315
evet ya da,evet ya da hayır,2315
senin için bir,senin için bir şey,2303
için bir şey,senin için bir şey,2303
de ister misin,sen de ister misin,2296
çok güzel bir,bu çok güzel bir,2288
bu çok güzel,bu çok güzel bir,2288
önemli olan da,önemli olan da bu,2278
olan da bu,önemli olan da bu,2278
o kadar kötü,o kadar kötü değil,2270
kadar kötü değil,o kadar kötü değil,2270
benim için çok,bu benim için çok,2256
bu benim için,bu benim için çok,2256
daha önce hiç,bunu daha önce hiç,2226
bunu daha önce,bunu daha önce hiç,2226
gibi bir şey,gibi bir şey mi,2213
bir şey mi,gibi bir şey mi,2213
bir şey oldu,bir şey oldu mu,2204
böyle bir şey,önce böyle bir şey,2199
önce böyle bir,önce böyle bir şey,2199
öyle bir şey,yok öyle bir şey,2191
çok uzun zaman,çok uzun zaman önce,2176
uzun zaman önce,çok uzun zaman önce,2176
o da ne,o da ne demek,2171
da ne demek,o da ne demek,2171
olan bir şey,olan bir şey var,2134
bir şey var,olan bir şey var,2134
hey hey hey,hey hey hey hey,2117
önce hiç böyle,önce hiç böyle bir,2102
hiç böyle bir,önce hiç böyle bir,2102
bir şey değil,iyi bir şey değil,2101
iyi bir şey,iyi bir şey değil,2101
için her şeyi,senin için her şeyi,2087
senin için her,senin için her şeyi,2087
çok özür dilerim,için çok özür dilerim,2080
bu harika bir,bu harika bir şey,2069
harika bir şey,bu harika bir şey,2069
bir şey ister,bir şey ister misiniz,2048
daha iyi bir,daha iyi bir yer,2043
iyi bir yer,daha iyi bir yer,2043
o kadar da,o kadar da zor,2038
o kadar da,o kadar da değil,2026
kadar da değil,o kadar da değil,2026
çok iyi bir,bu çok iyi bir,1963
bu çok iyi,bu çok iyi bir,1963
onu en son,onu en son ne,1949
en son ne,onu en son ne,1949
güzel değil mi,ne güzel değil mi,1943
hayır bu doğru,hayır bu doğru değil,1940
bu doğru değil,hayır bu doğru değil,1940
hakkında hiçbir şey,hakkında hiçbir şey bilmiyorum,1927
hiçbir şey bilmiyorum,hakkında hiçbir şey bilmiyorum,1927
olmaz değil mi,sorun olmaz değil mi,1923
öyle bir şey,hayır öyle bir şey,1901
çok şey var,gereken çok şey var,1900
kimse var mı,orada kimse var mı,1879
sana ne oldu,sana ne oldu böyle,1863
ne oldu böyle,sana ne oldu böyle,1863
sana yardım etmek,sana yardım etmek için,1846
yardım etmek için,sana yardım etmek için,1846
ben de öyle,ben de öyle dedim,1842
daha iyi bir,daha iyi bir şey,1824
iyi bir şey,daha iyi bir şey,1824
olan tek şey,önemli olan tek şey,1819
ne demek şimdi,bu ne demek şimdi,1818
bu ne demek,bu ne demek şimdi,1818
için sorun değil,benim için sorun değil,1813
benim için sorun,benim için sorun değil,1813
öyle bir şey,ben öyle bir şey,1807
ne demek biliyor,bu ne demek biliyor,1785
bu ne demek,bu ne demek biliyor,1785
hiçbir şey yok,burada hiçbir şey yok,1773
burada hiçbir şey,burada hiçbir şey yok,1773
ne biliyor musun,olan ne biliyor musun,1772
da başka bir,da başka bir şey,1762
ne kadar zor,ne kadar zor olabilir,1762
başka bir şey,da başka bir şey,1762
bir daha görmek,bir daha görmek istemiyorum,1730
yok değil mi,sorun yok değil mi,1723
böyle bir şey,asla böyle bir şey,1714
bir zaman değil,iyi bir zaman değil,1710
iyi bir zaman,iyi bir zaman değil,1710
bana yardım et,lütfen bana yardım et,1703
lütfen bana yardım,lütfen bana yardım et,1703
son bir şey,son bir şey daha,1698
bir şey daha,son bir şey daha,1698
hiç de değil,hayır hiç de değil,1687
hayır hiç de,hayır hiç de değil,1687
fazla bir şey,fazla bir şey yok,1677
bir şey yok,fazla bir şey yok,1677
şimdi ne olacak,peki şimdi ne olacak,1676
peki şimdi ne,peki şimdi ne olacak,1676
demek oluyor ki,bu demek oluyor ki,1672
ne oldu sana,ne oldu sana böyle,1649
için ne kadar,senin için ne kadar,1648
senin için ne,senin için ne kadar,1648
daha önce hiç,daha önce hiç bu,1644
doğru değil mi,bu doğru değil mi,1635
bu doğru değil,bu doğru değil mi,1635
çok güzel bir,çok güzel bir kız,1618
güzel bir kız,çok güzel bir kız,1618
görmek ne güzel,sizi görmek ne güzel,1587
için çok geç,bunun için çok geç,1578
bunun için çok,bunun için çok geç,1578
hiç hoş değil,bu hiç hoş değil,1578
bir iş var,gereken bir iş var,1573
o kadar da,o kadar da iyi,1556
burada ne işi,onun burada ne işi,1553
burada bir şey,burada bir şey yok,1546
bir şey yok,burada bir şey yok,1546
çok kötü bir,bu çok kötü bir,1538
bu çok kötü,bu çok kötü bir,1538
bunun gibi bir,bunun gibi bir şey,1536
için bir neden,için bir neden yok,1536
gibi bir şey,bunun gibi bir şey,1536
bu kadar önemli,neden bu kadar önemli,1525
neden bu kadar,neden bu kadar önemli,1525
benim için büyük,benim için büyük bir,1522
için büyük bir,benim için büyük bir,1522
o kadar çok,o kadar çok şey,1519
kadar çok şey,o kadar çok şey,1519
onu daha önce,onu daha önce hiç,1512
daha önce hiç,onu daha önce hiç,1512
seni tekrar görmek,seni tekrar görmek güzel,1508
ya da öyle,ya da öyle bir,1507
ne kadar da,ne kadar da güzel,1500
demek oluyor ki,da demek oluyor ki,1499
ne zaman oldu,bu ne zaman oldu,1497
bu ne zaman,bu ne zaman oldu,1497
ne kadar önemli,için ne kadar önemli,1496
için ne kadar,için ne kadar önemli,1496
bir şey mi,başka bir şey mi,1491
başka bir şey,başka bir şey mi,1491
güzel bir şey,çok güzel bir şey,1485
çok güzel bir,çok güzel bir şey,1485
hiç gerek yok,buna hiç gerek yok,1484
her şey hazır,her şey hazır mı,1481
de senin gibi,ben de senin gibi,1476
ben de senin,ben de senin gibi,1476
ne demek şimdi,ne demek şimdi bu,1468
her şey için,her şey için teşekkür,1445
güzel bir yer,çok güzel bir yer,1436
çok güzel bir,çok güzel bir yer,1436
dur dur dur,dur dur dur dur,1435
o kadar kötü,o kadar kötü mü,1432
çok daha iyi,çok daha iyi bir,1428
daha iyi bir,çok daha iyi bir,1428
bana bir dakika,bana bir dakika ver,1426
ne işi var,ne işi var burada,1424
her şey çok,her şey çok güzel,1421
ha ha ha,ha ha ha ha,1419
önemli bir şey,önemli bir şey var,1417
bir şey var,önemli bir şey var,1417
bu da ne,bu da ne şimdi,1408
bir şey olmaz,bana bir şey olmaz,1397
bana bir şey,bana bir şey olmaz,1397
ne zaman oldu,ne zaman oldu bu,1382
benim en iyi,sen benim en iyi,1380
için özür dilerim,bunun için özür dilerim,1377
bir daha görmek,seni bir daha görmek,1365
seni bir daha,seni bir daha görmek,1365
biri var mı,başka biri var mı,1364
o kadar da,ama o kadar da,1357
ama o kadar,ama o kadar da,1357
bu kadar iyi,hiç bu kadar iyi,1354
hiç bu kadar,hiç bu kadar iyi,1354
başka şeyler de,başka şeyler de var,1353
öyle değil mi,değil öyle değil mi,1349
ben de bu,ben de bu yüzden,1349
de bu yüzden,ben de bu yüzden,1349
etmek ister misin,yardım etmek ister misin,1342
de çok iyi,hem de çok iyi,1341
hem de çok,hem de çok iyi,1341
şey de ne,bu şey de ne,1336
kimse var mı,başka kimse var mı,1326
hiç bu kadar,önce hiç bu kadar,1322
benim için ne,benim için ne kadar,1310
için ne kadar,benim için ne kadar,1310
sen burada ne,sen burada ne yapıyorsun,1306
burada ne yapıyorsun,sen burada ne yapıyorsun,1306
artık çok geç,için artık çok geç,1305
güzel bir gün,çok güzel bir gün,1300
çok güzel bir,çok güzel bir gün,1300
böyle bir şeyi,böyle bir şeyi nasıl,1295
bir tane daha,bir tane daha mı,1294
bir şey değil,kötü bir şey değil,1287
kötü bir şey,kötü bir şey değil,1287
başka bir şey,başka bir şey ister,1285
bir şey ister,başka bir şey ister,1285
bir daha böyle,bir daha böyle bir,1281
iyi bir iş,çok iyi bir iş,1280
çok iyi bir,çok iyi bir iş,1280
ne demek olduğunu,ne demek olduğunu biliyor,1277
burada bir şey,burada bir şey var,1276
bir şey var,burada bir şey var,1276
hiçbir şey yok,hiçbir şey yok mu,1265
gerçek şu ki,ama gerçek şu ki,1265
şey yok mu,hiçbir şey yok mu,1265
daha iyi bir,için daha iyi bir,1263
de bu yüzden,belki de bu yüzden,1263
için daha iyi,için daha iyi bir,1263
belki de bu,belki de bu yüzden,1263
bir kez daha,son bir kez daha,1257
son bir kez,son bir kez daha,1257
o zaman sen,o zaman sen de,1253
hakkında bir şey,hakkında bir şey biliyor,1247
bir şey biliyor,hakkında bir şey biliyor,1247
bir tane daha,başka bir tane daha,1240
başka bir tane,başka bir tane daha,1240
öyle bir şey,da öyle bir şey,1237
ilgili bir şey,ile ilgili bir şey,1226
ile ilgili bir,ile ilgili bir şey,1226
böyle bir şey,niye böyle bir şey,1216
iyi bir zaman,için iyi bir zaman,1212
için iyi bir,için iyi bir zaman,1212
ne güzel bir,ne güzel bir gün,1211
güzel bir gün,ne güzel bir gün,1211
lütfen bana yardım,lütfen bana yardım edin,1210
bana yardım edin,lütfen bana yardım edin,1210
ama bu doğru,ama bu doğru değil,1207
bu doğru değil,ama bu doğru değil,1207
olduğunu bilmiyorum ama,ne olduğunu bilmiyorum ama,1206
ne olduğunu bilmiyorum,ne olduğunu bilmiyorum ama,1206
o kadar emin,o kadar emin değilim,1196
bunu sana kim,bunu sana kim söyledi,1191
için teşekkür ederim,şey için teşekkür ederim,1191
bu çok önemli,bu çok önemli bir,1189
o zaman ne,o zaman ne olacak,1189
biri mi var,orada biri mi var,1189
çok önemli bir,bu çok önemli bir,1189
beni iyi dinle,şimdi beni iyi dinle,1166
az önce ne,az önce ne oldu,1162
ne kadar güzel,ne kadar güzel olduğunu,1156
benim için sorun,benim için sorun yok,1153
iyi bir yer,için iyi bir yer,1153
çok iyi bir,sen çok iyi bir,1153
için iyi bir,için iyi bir yer,1153
için özür dilerim,için özür dilerim ama,1152
özür dilerim ama,için özür dilerim ama,1152
bu kötü bir,bu kötü bir şey,1151
evet evet evet,evet evet evet evet,1151
kötü bir şey,bu kötü bir şey,1151
bir sorun var,bir sorun var mı,1150
sorun var mı,bir sorun var mı,1150
o iyi bir,o iyi bir çocuk,1146
iyi bir çocuk,o iyi bir çocuk,1146
o sadece bir,o sadece bir çocuk,1145
teşekkür etmek istiyorum,sana teşekkür etmek istiyorum,1142
sana teşekkür etmek,sana teşekkür etmek istiyorum,1142
bu kadar büyük,bu kadar büyük bir,1136
kadar büyük bir,bu kadar büyük bir,1136
her şey için,her şey için çok,1132
önemli bir şey,önemli bir şey yok,1131
bir şey yok,önemli bir şey yok,1131
o da ne,o da ne öyle,1125
hadi hadi hadi,hadi hadi hadi hadi,1124
harika değil mi,bu harika değil mi,1119
bir şey mi,iyi bir şey mi,1118
iyi bir şey,iyi bir şey mi,1118
bir şey yok,bir şey yok ki,1113
ben de senin,ben de senin kadar,1111
başka bir şey,gereken başka bir şey,1110
bir dakika izin,bana bir dakika izin,1109
bana bir dakika,bana bir dakika izin,1109
bu o kadar,bu o kadar da,1108
o kadar da,bu o kadar da,1108
bir şey daha,ve bir şey daha,1106
ve bir şey,ve bir şey daha,1106
benim en iyi,o benim en iyi,1101
ne olabilir ki,başka ne olabilir ki,1100
hiç bu kadar,hiç bu kadar mutlu,1096
o çok iyi,o çok iyi bir,1095
çok iyi bir,o çok iyi bir,1095
biraz zaman ver,bana biraz zaman ver,1094
da bu zaten,sorun da bu zaten,1090
sorun da bu,sorun da bu zaten,1090
tam olarak ne,tam olarak ne olduğunu,1088
daha ister misin,biraz daha ister misin,1084
ne demek bu,ne demek bu şimdi,1083
de senin için,ben de senin için,1078
ben de senin,ben de senin için,1078
da başka bir,bu da başka bir,1074
bir dakika izin,bir dakika izin ver,1070
ne kadar zor,için ne kadar zor,1065
için ne kadar,için ne kadar zor,1065
bir yer değil,bir yer değil mi,1060
ne demek oluyor,ne demek oluyor şimdi,1057
de o kadar,benden de o kadar,1048
o iyi bir,o iyi bir adam,1046
iyi bir adam,o iyi bir adam,1046
bir şey değil,bir şey değil bu,1042
daha önce hiç,daha önce hiç bir,1039
için teşekkür etmek,için teşekkür etmek istiyorum,1036
teşekkür etmek istiyorum,için teşekkür etmek istiyorum,1036
yanlış bir şey,ben yanlış bir şey,1035
neden bu kadar,için neden bu kadar,1034
bir kaç gün,bir kaç gün önce,1034
güzel bir gün,güzel bir gün değil,1034
hoş değil mi,çok hoş değil mi,1029
böyle bir şey,nasıl böyle bir şey,1028
için çok iyi,için çok iyi bir,1023
çok iyi bir,için çok iyi bir,1023
olduğunu biliyor musun,demek olduğunu biliyor musun,1017
bir şey değil,bir şey değil ama,1015
görmek çok güzel,sizi görmek çok güzel,1015
görmek çok güzel,tekrar görmek çok güzel,1014
evet hem de,evet hem de çok,1010
hem de çok,evet hem de çok,1010
benim için çok,benim için çok zor,1009
için çok zor,benim için çok zor,1009
güzel değil mi,kadar güzel değil mi,1007
ben de bir,ben de bir şey,1000
de bir şey,ben de bir şey,1000
o kadar da,o kadar da önemli,998
onun gibi bir,da onun gibi bir,997
benim için bir,bu benim için bir,995
bu benim için,bu benim için bir,995
diye bir şey,biz diye bir şey,991
ne kadar büyük,ne kadar büyük bir,990
kadar büyük bir,ne kadar büyük bir,990
hakkında çok şey,senin hakkında çok şey,987
daha iyi bir,benim daha iyi bir,985
olan tek şey,olan tek şey bu,983
tek şey bu,olan tek şey bu,983
yok değil mi,şey yok değil mi,982
bu yüzden bu,bu yüzden bu kadar,981
bir şey değil,fazla bir şey değil,981
fazla bir şey,fazla bir şey değil,981
için bu kadar,senin için bu kadar,977
çok güzel bir,çok güzel bir kadın,971
güzel bir kadın,çok güzel bir kadın,971
ne kadar güzel,ne kadar güzel değil,970
daha ne kadar,daha ne kadar var,969
ne kadar var,daha ne kadar var,969
böyle bir şey,ben böyle bir şey,969
yemek ister misin,şeyler yemek ister misin,968
sen de benim,sen de benim kadar,968
bunu bir daha,bunu bir daha yapma,965
seni bir daha,seni bir daha asla,964
bir daha asla,seni bir daha asla,964
büyük bir şey,daha büyük bir şey,963
daha büyük bir,daha büyük bir şey,963
bir şey var,orada bir şey var,962
orada bir şey,orada bir şey var,962
kabul ediyor musun,olarak kabul ediyor musun,958
için daha iyi,senin için daha iyi,955
iyi değil mi,çok iyi değil mi,955
senin için daha,senin için daha iyi,955
bu yüzden ben,bu yüzden ben de,954
ne biliyor musun,bu ne biliyor musun,953
bu kadar önemli,bu kadar önemli olan,952
fazla bir şey,daha fazla bir şey,945
hiçbir şey yok,orada hiçbir şey yok,944
böyle bir şey,böyle bir şey yok,943
bir şey yok,böyle bir şey yok,943
de bir tane,ben de bir tane,942
ben de bir,ben de bir tane,942
senin için çok,bu senin için çok,939
başka bir zaman,belki başka bir zaman,939
belki başka bir,belki başka bir zaman,939
bu senin için,bu senin için çok,939
bekle bekle bekle,bekle bekle bekle bekle,937
ama yine de,ama yine de bir,929
yine de bir,ama yine de bir,929
bu iyi bir,bence bu iyi bir,925
bu yeni bir,bu yeni bir şey,924
yeni bir şey,bu yeni bir şey,924
yanlış bir şey,yanlış bir şey yok,921
bir şey yok,yanlış bir şey yok,921
de başka bir,belki de başka bir,917
hayır hiç de,hayır hiç de bile,913
hiç de bile,hayır hiç de bile,913
bir sorun var,ama bir sorun var,910
gibi bir şey,gibi bir şey bu,906
çok şey var,çok şey var ki,906
bir şey bu,gibi bir şey bu,906
daha kötü bir,daha kötü bir şey,903
kötü bir şey,daha kötü bir şey,903
hayır hayır hayır,oh hayır hayır hayır,901
ne demek olduğunu,ne demek olduğunu biliyorum,901
bunu bana neden,bunu bana neden yapıyorsun,900
daha iyi bir,bundan daha iyi bir,898
bundan daha iyi,bundan daha iyi bir,898
diye bir şey,diye bir şey var,897
bir şey var,diye bir şey var,897
bir şey var,yeni bir şey var,895
olduğunu bile bilmiyorum,kim olduğunu bile bilmiyorum,895
yeni bir şey,yeni bir şey var,895
sana bir şey,ama sana bir şey,894
senin için bir,bu senin için bir,893
bu senin için,bu senin için bir,893
sen de benim,sen de benim gibi,885
bir şeyler mi,bir şeyler mi var,882
o kadar da,bir o kadar da,876
senin için çok,senin için çok zor,873
için çok zor,senin için çok zor,873
bu kadar mı,bu kadar mı yani,868
daha büyük bir,çok daha büyük bir,867
da bir şey,bu da bir şey,866
bu da bir,bu da bir şey,866
hayır bir şey,hayır bir şey yok,865
bir şey yok,hayır bir şey yok,865
bu değil mi,da bu değil mi,865
bu kadar çok,bu kadar çok mu,862
tam olarak ne,tam olarak ne demek,860
daha önce hiç,seni daha önce hiç,860
seni daha önce,seni daha önce hiç,860
bir şey yok,bir şey yok değil,859
niye bu kadar,niye bu kadar uzun,856
bu kadar uzun,niye bu kadar uzun,856
için özür dilerim,şey için özür dilerim,854
bir şey değil,gibi bir şey değil,852
gibi bir şey,gibi bir şey değil,852
hiç de iyi,hiç de iyi değil,851
çok ama çok,çok ama çok üzgünüm,850
bir şey daha,gereken bir şey daha,849
olur ne olmaz,olur ne olmaz diye,849
gereken bir şey,gereken bir şey daha,849
bir şeyler var,yanlış bir şeyler var,846
bunun için çok,bunun için çok üzgünüm,845
için çok üzgünüm,bunun için çok üzgünüm,845
ne kadar kötü,ne kadar kötü olabilir,844
benim için önemli,benim için önemli olan,843
orada bir şey,orada bir şey yok,842
bir şey yok,orada bir şey yok,842
olduğunu biliyorum ama,zor olduğunu biliyorum ama,841
zor olduğunu biliyorum,zor olduğunu biliyorum ama,841
sana daha önce,sana daha önce de,839
daha önce de,sana daha önce de,839
ne olduğunu bile,ne olduğunu bile bilmiyorum,839
olduğunu bile bilmiyorum,ne olduğunu bile bilmiyorum,839
seni tekrar görmek,seni tekrar görmek çok,838
ne olabilir ki,kötü ne olabilir ki,838
ne kadar iyi,ne kadar iyi olduğunu,837
da ne böyle,bunlar da ne böyle,836
bunlar da ne,bunlar da ne böyle,836
daha önce de,daha önce de gördüm,836
tam olarak ne,tam olarak ne oldu,835
için büyük bir,senin için büyük bir,835
olduğunu biliyor mu,burada olduğunu biliyor mu,829
güzel bir gün,için güzel bir gün,828
neden bu kadar,neden bu kadar geç,828
bu kadar geç,neden bu kadar geç,828
için güzel bir,için güzel bir gün,828
bir şey mi,bir şey mi istiyorsun,826
en iyi şey,en iyi şey bu,826
kadar çok şey,kadar çok şey var,825
çok şey var,kadar çok şey var,825
bu kadar güzel,bu kadar güzel bir,824
ama başka bir,ama başka bir şey,824
kadar güzel bir,bu kadar güzel bir,824
başka bir şey,ama başka bir şey,824
önemli olan bu,önemli olan bu değil,823
böyle bir şey,kim böyle bir şey,820
ya da belki,ya da belki de,819
çok daha iyi,bu çok daha iyi,818
önemli bir şey,daha önemli bir şey,818
tam olarak değil,hayır tam olarak değil,815
böyle bir şey,böyle bir şey için,814
bir şey için,böyle bir şey için,814
ve bir daha,ve bir daha asla,813
bir daha asla,ve bir daha asla,813
böyle bir şey,böyle bir şey nasıl,812
bir şey bilmiyorum,hakkında bir şey bilmiyorum,812
hakkında bir şey,hakkında bir şey bilmiyorum,812
hiç bir şey,ben hiç bir şey,811
bu değil mi,şey bu değil mi,811
şey bu değil,şey bu değil mi,811
çok özel bir,çok özel bir şey,810
özel bir şey,çok özel bir şey,810
benim için çok,benim için çok şey,808
başka bir şey,başka bir şey yoksa,808
görmek ne güzel,tekrar görmek ne güzel,807
bunlar da ne,bütün bunlar da ne,807
bir şey oldu,kötü bir şey oldu,807
kötü bir şey,kötü bir şey oldu,807
o da senin,o da senin gibi,805
nasıl bir şey,olmak nasıl bir şey,804
olmak nasıl bir,olmak nasıl bir şey,804
için bir şey,için bir şey var,799
bir şey var,için bir şey var,799
her şeyi biliyorum,hakkında her şeyi biliyorum,798
hayır sorun değil,hayır hayır sorun değil,798
hakkında her şeyi,hakkında her şeyi biliyorum,798
bir sorun var,ilgili bir sorun var,794
bir tane daha,bir tane daha ister,794
ilgili bir sorun,ilgili bir sorun var,794
pek emin değilim,bundan pek emin değilim,791
bir şey mi,bir şey mi vardı,785
bana bir şey,bana bir şey mi,782
bir şey mi,bana bir şey mi,782
görmek ister misin,şey görmek ister misin,779
böyle bir şey,daha böyle bir şey,778
sen ve ben,sen ve ben birlikte,775
öyle değil mi,var öyle değil mi,775
bir şey var,özel bir şey var,773
bir şey var,ilgili bir şey var,773
özel bir şey,özel bir şey var,773
için iyi bir,için iyi bir şey,773
iyi bir şey,için iyi bir şey,773
ilgili bir şey,ilgili bir şey var,773
de öyle değil,hiç de öyle değil,772
şu anda burada,şu anda burada değil,770
ne kadar iyi,ne kadar iyi bir,765
kadar iyi bir,ne kadar iyi bir,765
öyle bir şey,asla öyle bir şey,764
ben de sana,ben de sana bir,762
bir şey değil,bu bir şey değil,761
o kadar çok,o kadar çok mu,761
ben bir şey,ben bir şey bilmiyorum,759
bir şey bilmiyorum,ben bir şey bilmiyorum,759
sonra ne oldu,peki sonra ne oldu,757
ne yapıyorsun burada,sen ne yapıyorsun burada,755
sen ne yapıyorsun,sen ne yapıyorsun burada,755
de aynı şeyi,sen de aynı şeyi,754
bu kadar zor,neden bu kadar zor,753
neden bu kadar,neden bu kadar zor,753
o kadar da,o kadar da büyük,752
tam olarak ne,tam olarak ne zaman,750
güzel bir şey,bu güzel bir şey,748
bu güzel bir,bu güzel bir şey,748
ne iş yapıyorsun,sen ne iş yapıyorsun,747
hoş değil mi,ne hoş değil mi,747
zor olduğunu biliyorum,kadar zor olduğunu biliyorum,745
her şey tamam,her şey tamam mı,745
şu an burada,şu an burada değil,745
kadar zor olduğunu,kadar zor olduğunu biliyorum,745
hiç bir şey,hakkında hiç bir şey,745
çok uzun bir,çok uzun bir zaman,744
sorun olur mu,için sorun olur mu,743
onu bir daha,onu bir daha asla,742
bir daha asla,onu bir daha asla,742
için teşekkür ederim,bunun için teşekkür ederim,740
bir şey mi,gereken bir şey mi,738
gereken bir şey,gereken bir şey mi,738
bu hiç de,bu hiç de iyi,736
hiç de iyi,bu hiç de iyi,736
sadece tek bir,sadece tek bir şey,735
bir dakika izin,bize bir dakika izin,735
tek bir şey,sadece tek bir şey,735
bu da ne,hey bu da ne,733
bir şey bilmiyorum,hiç bir şey bilmiyorum,730
bir şey olduğunu,bir şey olduğunu biliyorum,730
hiç bir şey,hiç bir şey bilmiyorum,730
daha iyi bir,daha iyi bir iş,728
iyi bir iş,daha iyi bir iş,728
sen de benim,sen de benim için,727
bu gece ne,bu gece ne yapıyorsun,726
bir kaç gün,bir kaç gün içinde,726
bu çok iyi,bu çok iyi olur,722
çok iyi olur,bu çok iyi olur,722
zor olduğunu biliyorum,için zor olduğunu biliyorum,719
gerçekten çok üzgünüm,için gerçekten çok üzgünüm,718
bana yardım et,tanrım bana yardım et,713
bir şey değil,büyük bir şey değil,713
büyük bir şey,büyük bir şey değil,713
daha iyi bir,daha iyi bir yere,711
için çok önemli,için çok önemli bir,711
o değil mi,bu o değil mi,711
çok önemli bir,için çok önemli bir,711
bu değil mi,de bu değil mi,711
bu o değil,bu o değil mi,711
çok sağ ol,için çok sağ ol,710
de o kadar,belki de o kadar,707
belki de o,belki de o kadar,707
artık çok geç,ama artık çok geç,706
ne kadar çok,seni ne kadar çok,705
seni ne kadar,seni ne kadar çok,705
ne var biliyor,ama ne var biliyor,703
önemli bir şey,bu önemli bir şey,703
bu önemli bir,bu önemli bir şey,703
ne işi var,orada ne işi var,700
çok büyük bir,için çok büyük bir,699
bir şey değil,bir şey değil ki,698
son ne zaman,son ne zaman bir,698
belki de daha,belki de daha fazla,698
ne zaman bir,son ne zaman bir,698
bir de bu,bir de bu var,696
bizim için çok,bizim için çok önemli,694
hakkında ne biliyorsun,onun hakkında ne biliyorsun,694
onun hakkında ne,onun hakkında ne biliyorsun,694
için çok önemli,bizim için çok önemli,694
sadece bir tane,sadece bir tane var,691
bir tane var,sadece bir tane var,691
çok özür dilerim,gerçekten çok özür dilerim,690
yok bir şey,yok bir şey yok,688
bir şey yok,yok bir şey yok,688
o kadar emin,ben o kadar emin,683
için daha iyi,için daha iyi olur,681
daha iyi olur,için daha iyi olur,681
çok güzel bir,için çok güzel bir,681
nerede olduğunu söyle,bana nerede olduğunu söyle,679
yeni bir şey,yeni bir şey değil,678
bir şey değil,yeni bir şey değil,678
daha ne kadar,daha ne kadar devam,676
böyle bir şeyi,böyle bir şeyi asla,676
çok fazla şey,çok fazla şey var,676
çok uzun zaman,bu çok uzun zaman,676
harika bir yer,için harika bir yer,674
daha ister misin,tane daha ister misin,674
için harika bir,için harika bir yer,674
bir tane daha,bir tane daha ver,674
her şey çok,her şey çok iyi,670
için her şeyi,onun için her şeyi,670
de başka bir,ne de başka bir,669
bir kaç dakika,bir kaç dakika içinde,666
öyle bir şey,neden öyle bir şey,665
ilgili bir şey,ilgili bir şey mi,664
bir şey mi,ilgili bir şey mi,664
aynı şey değil,bu aynı şey değil,664
senin için de,bu senin için de,660
bu senin için,bu senin için de,660
başka bir şey,başka bir şey için,658
bir şey için,başka bir şey için,658
de bir şeyler,ben de bir şeyler,658
ben de bir,ben de bir şeyler,658
benim için de,benim için de öyle,657
harika bir şey,harika bir şey bu,657
bir şey bu,harika bir şey bu,657
şey de ne,o şey de ne,656
o zaman neden,peki o zaman neden,655
bana bir şey,kimse bana bir şey,655
peki o zaman,peki o zaman neden,655
o kadar zor,o kadar zor değil,653
başka bir şey,bu başka bir şey,653
böyle bir şeyi,böyle bir şeyi kim,653
her şey için,her şey için özür,651
için bu kadar,için bu kadar önemli,650
benim için önemli,benim için önemli değil,650
bu kadar önemli,için bu kadar önemli,650
ben de tam,ben de tam olarak,647
yok değil mi,gerek yok değil mi,646
bir şey olabilir,bir şey olabilir mi,645
senin için iyi,senin için iyi bir,644
hakkında ne biliyorsun,hakkında ne biliyorsun ki,644
için iyi bir,senin için iyi bir,644
başka bir yere,başka bir yere gidelim,644
için her şey,benim için her şey,643
senin için zor,senin için zor olduğunu,640
daha çok şey,hakkında daha çok şey,639
için hiçbir şey,benim için hiçbir şey,639
daha ne kadar,bunu daha ne kadar,638
her şey daha,her şey daha iyi,635
için büyük bir,bizim için büyük bir,635
her şey bir,her şey bir anda,634
da bir şey,ya da bir şey,633
ya da bir,ya da bir şey,633
güzel bir yer,için güzel bir yer,632
için güzel bir,için güzel bir yer,632
hakkında bir şey,bunun hakkında bir şey,631
böyle bir şey,böyle bir şey hiç,631
çok geç değil,için çok geç değil,630
için çok geç,için çok geç değil,630
olan her şey,olan her şey var,629
her şey var,olan her şey var,629
sana bir şey,bu sana bir şey,628
çok şey var,pek çok şey var,628
pek çok şey,pek çok şey var,628
nasıl oldu da,nasıl oldu da bu,626
senin için sorun,senin için sorun olur,626
evet ben de,evet ben de seni,624
ben de seni,evet ben de seni,624
sana teşekkür etmek,için sana teşekkür etmek,623
o da benim,o da benim gibi,622
sen de bunu,ve sen de bunu,620
ve sen de,ve sen de bunu,620
için ne kadar,bunun için ne kadar,619
bir şey mi,sana bir şey mi,617
bir şey mi,bir şey mi söyledi,617
gerçekten çok iyi,gerçekten çok iyi bir,617
sana bir şey,sana bir şey mi,617
çok iyi bir,gerçekten çok iyi bir,617
bu kadar çok,bu kadar çok şey,616
kadar çok şey,bu kadar çok şey,616
bir şey olmaz,ona bir şey olmaz,615
ona bir şey,ona bir şey olmaz,615
çok iyi bir,çok iyi bir adam,613
iyi bir adam,çok iyi bir adam,613
bir şey yok,olan bir şey yok,613
olan bir şey,olan bir şey yok,613
de iyi bir,pek de iyi bir,613
kim olduğunu biliyor,onun kim olduğunu biliyor,612
onun kim olduğunu,onun kim olduğunu biliyor,612
daha önce hiç,bu daha önce hiç,612
ve ben de,ve ben de onu,611
ben de onu,ve ben de onu,611
bir şey daha,bir şey daha vardı,610
bu da nedir,bu da nedir böyle,607
ne demek olduğunu,ne demek olduğunu biliyorsun,606
bir şey yok,bir şey yok ama,605
daha ne kadar,bu daha ne kadar,605
sana bir şey,sana bir şey söyledi,605
bir şey söyledi,sana bir şey söyledi,605
bir kaç gün,bir kaç gün sonra,604
ben de seni,ben de seni çok,604
o kadar çok,seni o kadar çok,604
bir şey mi,bir şey mi bu,603
bu hiç iyi,bu hiç iyi bir,603
bir şey değil,olan bir şey değil,602
olan bir şey,olan bir şey değil,602
çok uzun bir,bu çok uzun bir,602
kadar da kötü,kadar da kötü bir,599
bu çok zor,bu çok zor bir,599
ben de aynı,ben de aynı şekilde,599
çok zor bir,bu çok zor bir,599
senin için iyi,bu senin için iyi,596
bu senin için,bu senin için iyi,596
çok teşekkür ederim,çok teşekkür ederim efendim,595
teşekkür ederim efendim,çok teşekkür ederim efendim,595
o kadar kötü,o kadar kötü bir,592
bu kadar güzel,hiç bu kadar güzel,592
hiç bu kadar,hiç bu kadar güzel,592
buna bir son,buna bir son ver,592
hakkında her şeyi,senin hakkında her şeyi,592
bir yer var,gereken bir yer var,590
bir yerde olmalı,burada bir yerde olmalı,590
hakkında hiçbir şey,onun hakkında hiçbir şey,590
ne biliyor musun,şey ne biliyor musun,589
çok özel bir,bu çok özel bir,588
ama yine de,evet ama yine de,588
ne kadar kötü,ne kadar kötü olduğunu,587
öyle değil mi,öyle değil mi bay,587
için özür dilerim,gece için özür dilerim,587
değil mi bay,öyle değil mi bay,587
ne dedim ben,ne dedim ben sana,585
sen iyi misin,hey sen iyi misin,584
bu da kim,bu da kim böyle,583
bir şey yapmak,böyle bir şey yapmak,583
bunlar da ne,tüm bunlar da ne,583
böyle bir şey,böyle bir şey yapmak,583
bir şey yok,yeni bir şey yok,582
yeni bir şey,yeni bir şey yok,582
bir şey söyle,bana bir şey söyle,581
bana bir şey,bana bir şey söyle,581
senin için zor,senin için zor olmalı,580
kötü bir şey,kadar kötü bir şey,580
ne kadar güzel,görmek ne kadar güzel,579
bir şeyler yapmak,bir şeyler yapmak istiyorum,579
harika bir yer,burası harika bir yer,579
senin için bir,senin için bir şeyler,578
ve bir daha,ve bir daha geri,578
için bir şeyler,senin için bir şeyler,578
yok tamam mı,gerek yok tamam mı,577
ne demek oluyor,bunlar ne demek oluyor,576
bir daha asla,bunu bir daha asla,574
de bir tane,de bir tane var,574
da kötü değil,çok da kötü değil,574
benim için mi,bu benim için mi,574
bu benim için,bu benim için mi,574
benim için de,bu benim için de,574
bu benim için,bu benim için de,574
bir kaç saat,bir kaç saat önce,574
bunu bir daha,bunu bir daha asla,574
bir tane var,de bir tane var,574
bu da senin,bu da senin için,572
buna gerek yok,hayır buna gerek yok,572
bir şey değil,zor bir şey değil,570
yardım etmek için,ona yardım etmek için,569
bu sadece bir,ama bu sadece bir,568
çok büyük bir,çok büyük bir şey,567
bir sorun mu,ilgili bir sorun mu,567
ilgili bir sorun,ilgili bir sorun mu,567
büyük bir şey,çok büyük bir şey,567
bu iyi değil,bu iyi değil mi,565
bir şey de,bir şey de yok,565
iyi değil mi,bu iyi değil mi,565
için çok önemli,senin için çok önemli,564
senin için çok,senin için çok önemli,564
yardım etmek için,size yardım etmek için,564
için özel bir,senin için özel bir,562
önemli bir şey,önemli bir şey mi,561
o kadar da,aslında o kadar da,561
bir şey mi,önemli bir şey mi,561
harika değil mi,ne harika değil mi,561
çok özür dilerim,çok çok özür dilerim,561
bekle bir dakika,hey bekle bir dakika,560
ben hiçbir şey,ben hiçbir şey bilmiyorum,560
hiçbir şey bilmiyorum,ben hiçbir şey bilmiyorum,560
seni seviyorum baba,de seni seviyorum baba,559
de seni seviyorum,de seni seviyorum baba,559
ne demek olduğunu,ne demek olduğunu bilmiyorum,559
da ne böyle,burası da ne böyle,558
ve ben bir,sen ve ben bir,557
bir daha hiç,onu bir daha hiç,557
sen ve ben,sen ve ben bir,557
onu bir daha,onu bir daha hiç,557
kim olduğunu biliyorum,senin kim olduğunu biliyorum,556
iyi bir şey,çok iyi bir şey,555
çok iyi bir,çok iyi bir şey,555
bir sorun var,küçük bir sorun var,554
o kadar iyi,o kadar iyi değil,554
öyle bir şey,hiç öyle bir şey,553
onun gibi bir,evet onun gibi bir,553
tam olarak ne,tam olarak ne kadar,552
başka kimse yok,başka kimse yok mu,551
kimse yok mu,başka kimse yok mu,551
öyle bir şey,evet öyle bir şey,550
sana bir şey,gel sana bir şey,548
kadar büyük bir,o kadar büyük bir,548
olduğunu biliyorsun değil,ne olduğunu biliyorsun değil,547
ne olduğunu biliyorsun,ne olduğunu biliyorsun değil,547
sana bir şey,ben sana bir şey,547
de ne demek,de ne demek oluyor,546
ne demek oluyor,de ne demek oluyor,546
hakkında bir şey,onun hakkında bir şey,544
böyle bir şey,ama böyle bir şey,544
o kadar iyi,o kadar iyi olur,544
başka bir şey,sana başka bir şey,543
bir şey yok,bir şey yok bir,543
bu çok kötü,bu çok kötü oldu,543
olan bir şey,yanlış olan bir şey,542
için çok zor,için çok zor olmalı,541
benim için ne,bunun benim için ne,540
ben teşekkür ederim,hayır ben teşekkür ederim,540
her şey için,her şey için sağ,540
yok bir şey,hayır yok bir şey,539
bir şey yapmak,bir şey yapmak zorunda,539
ve ben de,ve ben de seni,539
ben de seni,ve ben de seni,539
dur bir dakika,hey dur bir dakika,538
ama yine de,ama yine de çok,538
bir kaç saat,bir kaç saat içinde,537
bu kadar çok,hiç bu kadar çok,536
sorun şu ki,ama sorun şu ki,536
hiç bu kadar,hiç bu kadar çok,536
senin gibi bir,senin gibi bir adam,535
iyi bir insan,daha iyi bir insan,534
için her şey,için her şey hazır,534
daha iyi bir,daha iyi bir insan,534
her şey hazır,için her şey hazır,534
bir daha da,ve bir daha da,533
olduğunu bilmiyorum ama,kim olduğunu bilmiyorum ama,533
kim olduğunu bilmiyorum,kim olduğunu bilmiyorum ama,533
ve bir daha,ve bir daha da,533
nasıl bir şey,bunun nasıl bir şey,532
burada neler oluyor,burada neler oluyor böyle,531
neler oluyor böyle,burada neler oluyor böyle,531
sen de biliyorsun,sen de biliyorsun ki,530
şey de ne,lanet şey de ne,530
onun için bir,onun için bir şey,529
için bir şey,onun için bir şey,529
benim için de,benim için de bir,529
için de bir,benim için de bir,529
küçük bir kız,küçük bir kız gibi,528
özel bir şey,özel bir şey yok,528
bir şey yok,özel bir şey yok,528
ne olduğunu bilmiyorum,bunun ne olduğunu bilmiyorum,527
onun için çok,bu onun için çok,527
bunun ne olduğunu,bunun ne olduğunu bilmiyorum,527
sen de bunu,sen de bunu biliyorsun,524
başka hiçbir şey,başka hiçbir şey yok,523
öyle bir şey,öyle bir şey işte,523
hiç de iyi,hiç de iyi bir,523
hiçbir şey yok,başka hiçbir şey yok,523
de iyi bir,hiç de iyi bir,523
senin için de,senin için de bir,522
için de bir,senin için de bir,522
neden daha önce,bunu neden daha önce,522
daha iyi bir,senden daha iyi bir,522
senden daha iyi,senden daha iyi bir,522
bu kadar zor,bu kadar zor mu,520
bir yer değil,göre bir yer değil,519
ne gerek var,ne gerek var ki,518
için hiçbir şey,senin için hiçbir şey,517
bu da ne,tanrım bu da ne,517
seni tekrar görmek,seni tekrar görmek ne,516
çok güzel bir,gerçekten çok güzel bir,516
senin için her,senin için her şey,516
gerçekten çok güzel,gerçekten çok güzel bir,516
için her şey,senin için her şey,516
öyle değil mi,bu öyle değil mi,516
değil değil mi,doğru değil değil mi,513
ben de sana,ben de sana aynı,513
öyle değil mi,güzel öyle değil mi,513
bir yer yok,öyle bir yer yok,512
bir şey yapmak,bir şey yapmak istiyorum,510
bu kadar iyi,nasıl bu kadar iyi,507
nasıl bu kadar,nasıl bu kadar iyi,507
çok zor bir,çok zor bir şey,505
çok önemli bir,gereken çok önemli bir,505
o kadar çok,o kadar çok seviyorum,504
ilgili bir şeyler,ile ilgili bir şeyler,503
ile ilgili bir,ile ilgili bir şeyler,503
öyle değil mi,yok öyle değil mi,503
yanlış bir şey,sen yanlış bir şey,503
bir şeyler var,olan bir şeyler var,502
özür dilerim ama,özür dilerim ama bu,502
öyle değil mi,evet öyle değil mi,501
daha iyi bir,benden daha iyi bir,501
benden daha iyi,benden daha iyi bir,501
bu harika bir,bence bu harika bir,500
bir tane daha,bir tane daha geliyor,499
tek şey bu,gereken tek şey bu,498
gereken tek şey,gereken tek şey bu,498
başka bir şey,başka bir şey söyledi,496
bir şey söyledi,başka bir şey söyledi,496
yok bir şey,şey yok bir şey,495
bunu nereden biliyorsun,sen bunu nereden biliyorsun,494
bu benim için,bu benim için büyük,492
benim için büyük,bu benim için büyük,492
bunun ne olduğunu,bunun ne olduğunu biliyorum,491
de başka bir,de başka bir şey,491
başka bir şey,de başka bir şey,491
ne olduğunu biliyorum,bunun ne olduğunu biliyorum,491
sen de biliyorsun,olduğunu sen de biliyorsun,491
bu benim için,bu benim için önemli,490
benim için önemli,bu benim için önemli,490
bir de şu,bir de şu var,490
sen ve ben,sen ve ben mi,488
çok iyi biliyorum,olduğunu çok iyi biliyorum,488
ne demek istiyorsun,ne demek istiyorsun sen,487
çok daha iyi,benden çok daha iyi,486
bir daha asla,bir daha asla geri,486
için çok iyi,senin için çok iyi,485
senin için çok,senin için çok iyi,485
ben de tam,ben de tam seni,484
bir şey mi,ona bir şey mi,484
daha önce de,daha önce de oldu,484
ona bir şey,ona bir şey mi,484
ve ben bu,sen ve ben bu,484
sen ve ben,sen ve ben bu,484
tam olarak ne,burada tam olarak ne,483
bir şey de,başka bir şey de,481
başka bir şey,başka bir şey de,481
ben de sana,ve ben de sana,481
ve ben de,ve ben de sana,481
o kadar iyi,o kadar iyi bir,480
daha çok şey,daha çok şey var,480
çok şey var,daha çok şey var,480
kadar iyi bir,o kadar iyi bir,480
bu bir sorun,bu bir sorun mu,479
bir daha asla,beni bir daha asla,479
bir sorun mu,bu bir sorun mu,479
bu iş için,bu iş için çok,479
bir sorun yok,bir sorun yok değil,479
beni bir daha,beni bir daha asla,479
ne kadar zaman,ne kadar zaman oldu,478
gerçek şu ki,gerçek şu ki ben,478
için küçük bir,senin için küçük bir,478
ben de sana,ben de sana bunu,478
özel bir şey,özel bir şey değil,477
bir şey değil,özel bir şey değil,477
güzel bir şey,kadar güzel bir şey,476
sorun da bu,sorun da bu ya,476
o kadar uzun,o kadar uzun zaman,476
kimse var mı,burada kimse var mı,476
kadar güzel bir,kadar güzel bir şey,476
için her şeyi,etmek için her şeyi,475
çok özel bir,için çok özel bir,475
biraz daha zaman,bana biraz daha zaman,473
bir şey olduğunu,kötü bir şey olduğunu,473
ama yine de,biliyorum ama yine de,473
ben de sana,ben de sana yardım,473
tam olarak ne,tam olarak ne yapıyorsun,473
kötü bir şey,kötü bir şey olduğunu,473
fazla bir şey,pek fazla bir şey,472
iyi bir çocuk,çok iyi bir çocuk,470
bir şey mi,böyle bir şey mi,470
böyle bir şey,böyle bir şey mi,470
bana bir şey,eğer bana bir şey,470
bir şey var,bir şey var ki,470
çok iyi bir,çok iyi bir çocuk,470
kadar önemli olduğunu,kadar önemli olduğunu biliyorum,469
her şey çok,her şey çok daha,469
çok hoş bir,bu çok hoş bir,468
var değil mi,şey var değil mi,468
bu çok hoş,bu çok hoş bir,468
ne kadar hoş,ne kadar hoş bir,468
sizin için bir,sizin için bir şey,467
ne o zaman,sorun ne o zaman,467
için bir şey,sizin için bir şey,467
teşekkür etmek istiyorum,size teşekkür etmek istiyorum,466
için iyi bir,benim için iyi bir,466
bu iyi bir,ama bu iyi bir,466
çok iyi bir,ama çok iyi bir,466
bir şey yapmak,bir şey yapmak için,466
yardım etmek için,bana yardım etmek için,465
fazla bir şey,çok fazla bir şey,465
bana yardım etmek,bana yardım etmek için,465
bir şey mi,bir şey mi biliyorsun,464
git git git,git git git git,464
çok daha iyi,çok daha iyi olur,464
daha iyi olur,çok daha iyi olur,464
sorun var mı,başka sorun var mı,462
daha önce de,bu daha önce de,461
hayır tabii ki,hayır tabii ki hayır,460
güzel bir gün,bugün güzel bir gün,460
tabii ki hayır,hayır tabii ki hayır,460
böyle bir şey,böyle bir şey asla,458
bir şey değil,çok bir şey değil,458
tam olarak ne,bu tam olarak ne,456
ne güzel bir,bu ne güzel bir,456
ben de tam,ben de tam bunu,455
sana bir şey,sana bir şey daha,454
daha ne kadar,daha ne kadar burada,454
bir şey daha,sana bir şey daha,454
yardım etmek istiyorum,sadece yardım etmek istiyorum,452
yok tamam mı,şey yok tamam mı,452
böyle bir şeyi,böyle bir şeyi hiç,451
sen de bana,sen de bana yardım,451
sana bir şey,bak sana bir şey,451
bunu sen de,ve bunu sen de,450
değil değil mi,kötü değil değil mi,450
şey de ne,şey de ne böyle,450
güzel bir şey,daha güzel bir şey,449
bir tane daha,bir tane daha lütfen,449
pek bir şey,hakkında pek bir şey,449
daha güzel bir,daha güzel bir şey,449
için büyük bir,için büyük bir gün,449
zor olduğunu biliyorum,bunun zor olduğunu biliyorum,449
ona bir şey,eğer ona bir şey,449
için yeni bir,senin için yeni bir,449
hiç bu kadar,seni hiç bu kadar,449
için çok fazla,benim için çok fazla,448
benim için çok,benim için çok fazla,448
bir şey değil,hoş bir şey değil,446
o zaman bir,o zaman bir şey,446
yardım etmek istiyorum,size yardım etmek istiyorum,446
bir kaç dakika,bir kaç dakika sonra,445
ben de o,ben de o yüzden,445
bu iyi bir,evet bu iyi bir,445
hem de çok,hem de çok kötü,444
bir daha asla,bir daha asla böyle,444
kadar da değil,bu kadar da değil,444
bana yardım et,ve bana yardım et,443
