twogram,threegram,frequency
şey yok,bir şey yok,113165
bir şey,bir şey yok,113165
şey var,bir şey var,110455
bir şey,bir şey var,110455
bu da,bu da ne,89463
da ne,bu da ne,89463
bir şey,başka bir şey,75193
başka bir,başka bir şey,75193
hayır hayır,hayır hayır hayır,69443
bir şey,bir şey değil,68498
şey değil,bir şey değil,68498
öyle değil,öyle değil mi,68442
değil mi,öyle değil mi,68442
bir şey,bir şey mi,64933
şey mi,bir şey mi,64933
demek istiyorsun,ne demek istiyorsun,63142
ne demek,ne demek istiyorsun,63142
bir şey,sana bir şey,56713
sana bir,sana bir şey,56713
bir şey,böyle bir şey,51970
böyle bir,böyle bir şey,51970
var mı,şey var mı,42434
şey var,şey var mı,42434
sen iyi,sen iyi misin,42180
iyi misin,sen iyi misin,42180
de seni,ben de seni,41682
ben de,ben de seni,41682
de öyle,ben de öyle,41375
ben de,ben de öyle,41375
teşekkür ederim,çok teşekkür ederim,39985
çok teşekkür,çok teşekkür ederim,39985
daha önce,daha önce hiç,39712
önce hiç,daha önce hiç,39712
için özür,için özür dilerim,36255
özür dilerim,için özür dilerim,36255
iyi bir,daha iyi bir,35136
daha iyi,daha iyi bir,35136
bu kadar,neden bu kadar,34101
neden bu,neden bu kadar,34101
kadar da,o kadar da,33638
o kadar,o kadar da,33638
öyle bir,öyle bir şey,33405
bir şey,öyle bir şey,33405
teşekkür ederim,için teşekkür ederim,31066
için teşekkür,için teşekkür ederim,31066
güzel bir,çok güzel bir,30839
çok güzel,çok güzel bir,30839
hiçbir şey,hiçbir şey yok,30426
şey yok,hiçbir şey yok,30426
bir şey,hiç bir şey,30192
hiç bir,hiç bir şey,30192
çok iyi,çok iyi bir,29751
sen ve,sen ve ben,29751
iyi bir,çok iyi bir,29751
ve ben,sen ve ben,29751
bir tane,bir tane daha,29084
tane daha,bir tane daha,29084
doğru değil,bu doğru değil,27830
bu doğru,bu doğru değil,27830
biliyorsun değil,biliyorsun değil mi,27044
değil mi,biliyorsun değil mi,27044
şey daha,bir şey daha,26750
bir şey,bir şey daha,26750
bir şey,gibi bir şey,26189
gibi bir,gibi bir şey,26189
kez daha,bir kez daha,26049
bir kez,bir kez daha,26049
iki üç,bir iki üç,26008
bir iki,bir iki üç,26008
mu var,sorun mu var,25947
sorun mu,sorun mu var,25947
ne demek,da ne demek,25719
da ne,da ne demek,25719
biliyor musun,olduğunu biliyor musun,25713
olduğunu biliyor,olduğunu biliyor musun,25713
çok özür,çok özür dilerim,24958
özür dilerim,çok özür dilerim,24958
ama yine,ama yine de,24833
yine de,ama yine de,24833
bir sorun,bir sorun mu,23012
sorun mu,bir sorun mu,23012
yok bir,yok bir şey,22514
bir şey,yok bir şey,22514
ne yapıyorsun,burada ne yapıyorsun,22360
burada ne,burada ne yapıyorsun,22360
gereken bir,gereken bir şey,22212
bir şey,gereken bir şey,22212
daha önce,daha önce de,21498
önce de,daha önce de,21498
bir daha,bir daha asla,20897
daha asla,bir daha asla,20897
o zaman,tamam o zaman,20129
tamam o,tamam o zaman,20129
iyi bir,bu iyi bir,20057
bu iyi,bu iyi bir,20057
bu kadar,bu kadar mı,20046
kadar mı,bu kadar mı,20046
için bir,benim için bir,19252
benim için,benim için bir,19252
önemli bir,önemli bir şey,19011
bir şey,önemli bir şey,19011
için sağ,için sağ ol,18926
sağ ol,için sağ ol,18926
ne kadar,ne kadar da,18799
kadar da,ne kadar da,18799
da ne,o da ne,18569
o da,o da ne,18569
hem de,hem de çok,18245
de çok,hem de çok,18245
güzel değil,güzel değil mi,17883
değil mi,güzel değil mi,17883
seni seviyorum,de seni seviyorum,17578
de seni,de seni seviyorum,17578
yok mu,kimse yok mu,17575
kimse yok,kimse yok mu,17575
uzun zaman,uzun zaman oldu,17432
zaman oldu,uzun zaman oldu,17432
ne demek,ne demek oluyor,17346
demek oluyor,ne demek oluyor,17346
kimse var,kimse var mı,17343
var mı,kimse var mı,17343
tam olarak,tam olarak ne,17185
olarak ne,tam olarak ne,17185
ve ben,ve ben de,17113
ben de,ve ben de,17113
evet ben,evet ben de,16980
ben de,evet ben de,16980
diye bir,diye bir şey,16844
bir şey,diye bir şey,16844
dur bir,dur bir dakika,16714
bir dakika,dur bir dakika,16714
değil mi,yok değil mi,16604
yok değil,yok değil mi,16604
kötü bir,kötü bir şey,16451
bir şey,kötü bir şey,16451
ne kadar,daha ne kadar,16450
daha ne,daha ne kadar,16450
daha iyi,daha iyi olur,16365
iyi olur,daha iyi olur,16365
çok büyük,çok büyük bir,16228
büyük bir,çok büyük bir,16228
çok daha,çok daha iyi,16197
daha iyi,çok daha iyi,16197
ya sen,peki ya sen,16151
peki ya,peki ya sen,16151
iyi bir,iyi bir şey,16038
bir şey,iyi bir şey,16038
bu ne,bu ne demek,16028
ne demek,bu ne demek,16028
ve sen,ve sen de,15688
sen de,ve sen de,15688
son ne,en son ne,15657
en son,en son ne,15657
değil mi,var değil mi,15495
yapıyorsun sen,ne yapıyorsun sen,15477
ne yapıyorsun,ne yapıyorsun sen,15477
bunu daha,bunu daha önce,15310
daha önce,bunu daha önce,15310
son ne,son ne zaman,15200
ne zaman,son ne zaman,15200
senin için,senin için bir,15195
için bir,senin için bir,15195
bekle bir,bekle bir dakika,15128
bir dakika,bekle bir dakika,15128
yardım et,bana yardım et,15031
bana yardım,bana yardım et,15031
bu kadar,hepsi bu kadar,14986
hepsi bu,hepsi bu kadar,14986
bir sorun,bir sorun var,14834
sorun var,bir sorun var,14834
da ne,da ne böyle,14812
ne böyle,da ne böyle,14812
bir şey,bana bir şey,14647
bana bir,bana bir şey,14647
bu senin,bu senin için,14476
senin için,bu senin için,14476
bir şey,yanlış bir şey,14428
yanlış bir,yanlış bir şey,14428
o zaman,o zaman neden,14356
zaman neden,o zaman neden,14356
ben bir,ben bir şey,14274
bir şey,ben bir şey,14274
bir şeyler,bir şeyler var,14213
şeyler var,bir şeyler var,14213
bir şey,için bir şey,13983
için bir,için bir şey,13983
bu çok,bu çok güzel,13781
çok güzel,bu çok güzel,13781
uzun zaman,uzun zaman önce,13706
zaman önce,uzun zaman önce,13706
biliyor musun,ne biliyor musun,13581
ne biliyor,ne biliyor musun,13581
de bir,ben de bir,13571
ben de,ben de bir,13571
bu doğru,bu doğru mu,13259
doğru mu,bu doğru mu,13259
çok kötü,çok kötü bir,13205
kötü bir,çok kötü bir,13205
ne kadar,ne kadar güzel,13166
kadar güzel,ne kadar güzel,13166
bir şey,bir şey olmaz,13087
şey olmaz,bir şey olmaz,13087
bu da,ve bu da,12944
ve bu,ve bu da,12944
kadar çok,o kadar çok,12920
o kadar,o kadar çok,12920
her şey,her şey için,12912
şey için,her şey için,12912
bu kadar,bu kadar çok,12879
kadar çok,bu kadar çok,12879
yüzden mi,bu yüzden mi,12806
bu yüzden,bu yüzden mi,12806
için her,için her şeyi,12789
her şeyi,için her şeyi,12789
şimdi ne,şimdi ne olacak,12749
ne olacak,şimdi ne olacak,12749
hiç bu,hiç bu kadar,12725
bu kadar,hiç bu kadar,12725
nasıl bu,nasıl bu kadar,12643
bu kadar,nasıl bu kadar,12643
için çok,benim için çok,12593
benim için,benim için çok,12593
işi var,ne işi var,12583
ne işi,ne işi var,12583
daha var,şey daha var,12524
şey daha,şey daha var,12524
sadece bir,bu sadece bir,12497
bu sadece,bu sadece bir,12497
ne demek,ne demek bu,12463
demek bu,ne demek bu,12463
şey oldu,bir şey oldu,12284
bir şey,bir şey oldu,12284
şey var,çok şey var,12269
çok şey,çok şey var,12269
bir an,bir an önce,12191
ne kadar,için ne kadar,11981
için ne,için ne kadar,11981
şey mi,şey mi var,11918
mi var,şey mi var,11918
çok kötü,bu çok kötü,11808
bu çok,bu çok kötü,11808
bir şey,bir şey olduğunu,11771
değil mi,değil değil mi,11716
de sana,ben de sana,11522
ben de,ben de sana,11522
çok iyi,bu çok iyi,11444
bu çok,bu çok iyi,11444
sen ne,sen ne yapıyorsun,11375
ne yapıyorsun,sen ne yapıyorsun,11375
bir şey,ilgili bir şey,11333
ilgili bir,ilgili bir şey,11333
bu mu,hepsi bu mu,11291
hepsi bu,hepsi bu mu,11291
burada neler,burada neler oluyor,11131
neler oluyor,burada neler oluyor,11131
hey hey,hey hey hey,11084
önemli bir,çok önemli bir,11035
çok önemli,çok önemli bir,11035
bu benim,bu benim için,10928
benim için,bu benim için,10928
var biliyor,var biliyor musun,10795
biliyor musun,var biliyor musun,10795
ben de,ben de onu,10742
de onu,ben de onu,10742
değil mi,harika değil mi,10734
harika değil,harika değil mi,10734
için iyi,için iyi bir,10733
iyi bir,için iyi bir,10733
o zaman,peki o zaman,10722
peki o,peki o zaman,10722
de mi,sen de mi,10685
sen de,sen de mi,10685
bu değil,bu değil mi,10578
değil mi,bu değil mi,10578
kadar da,kadar da kötü,10556
da kötü,kadar da kötü,10556
ne olduğunu,ne olduğunu biliyor,10553
olduğunu biliyor,ne olduğunu biliyor,10553
senin için,senin için ne,10526
için ne,senin için ne,10526
de senin,ben de senin,10454
ben de,ben de senin,10454
böyle bir,böyle bir şeyi,10435
bir şeyi,böyle bir şeyi,10435
kim var,kim var orada,10413
var orada,kim var orada,10413
ne güzel,ne güzel bir,10396
güzel bir,ne güzel bir,10396
büyük bir,daha büyük bir,10288
daha büyük,daha büyük bir,10288
o zaman,o zaman ne,10261
zaman ne,o zaman ne,10261
size bir,size bir şey,10222
bir şey,size bir şey,10222
bir şey,hakkında bir şey,10174
hakkında bir,hakkında bir şey,10174
etmek için,yardım etmek için,10091
yardım etmek,yardım etmek için,10091
görmek ister,görmek ister misin,10040
ister misin,görmek ister misin,10040
ne var,ne var ne,10026
var ne,ne var ne,10026
de bunu,ben de bunu,10004
ben de,ben de bunu,10004
seni görmek,seni görmek güzel,9941
görmek güzel,seni görmek güzel,9941
ki hayır,tabii ki hayır,9936
tabii ki,tabii ki hayır,9936
artık çok,artık çok geç,9899
çok geç,artık çok geç,9899
şey mi,şey mi oldu,9880
mi oldu,şey mi oldu,9880
kadar iyi,o kadar iyi,9854
o kadar,o kadar iyi,9854
de biliyorsun,sen de biliyorsun,9798
sen de,sen de biliyorsun,9798
çok uzun,çok uzun zaman,9746
uzun zaman,çok uzun zaman,9746
nasıl bir,nasıl bir şey,9654
bir şey,nasıl bir şey,9654
ya da,ya da bir,9633
da bir,ya da bir,9633
bu harika,bu harika bir,9590
harika bir,bu harika bir,9590
de bu,belki de bu,9576
belki de,belki de bu,9576
hadi hadi,hadi hadi hadi,9566
şu ki,gerçek şu ki,9534
sen de,sen de öyle,9495
de öyle,sen de öyle,9495
evet evet,evet evet evet,9481
var biliyor,ne var biliyor,9425
ne var,ne var biliyor,9425
var mı,biri var mı,9330
biri var,biri var mı,9330
pek bir,pek bir şey,9314
bir şey,pek bir şey,9314
var ne,var ne yok,9292
ne yok,var ne yok,9292
ederim efendim,teşekkür ederim efendim,9268
ne kadar,ne kadar çok,9268
teşekkür ederim,teşekkür ederim efendim,9268
kadar çok,ne kadar çok,9268
şey çok,her şey çok,9265
her şey,her şey çok,9265
zaman bir,her zaman bir,9169
her zaman,her zaman bir,9169
kadar kötü,o kadar kötü,9126
o kadar,o kadar kötü,9126
bir şey,bir şey bu,9058
şey bu,bir şey bu,9058
dur dur,dur dur dur,9015
için çok,için çok üzgünüm,8936
çok üzgünüm,için çok üzgünüm,8936
tabii ki,evet tabii ki,8922
evet tabii,evet tabii ki,8922
var mı,olan var mı,8906
de nasıl,hem de nasıl,8858
hem de,hem de nasıl,8858
bu büyük,bu büyük bir,8768
büyük bir,bu büyük bir,8768
olduğunu bilmiyorum,ne olduğunu bilmiyorum,8729
ne olduğunu,ne olduğunu bilmiyorum,8729
çok seviyorum,seni çok seviyorum,8665
seni çok,seni çok seviyorum,8665
güzel bir,güzel bir şey,8630
bir şey,güzel bir şey,8630
yapıyorsun burada,ne yapıyorsun burada,8594
ne yapıyorsun,ne yapıyorsun burada,8594
şey söyle,bir şey söyle,8582
bir şey,bir şey söyle,8582
senin için,senin için çok,8555
için çok,senin için çok,8555
tek bir,tek bir şey,8546
bir şey,tek bir şey,8546
kadar uzun,bu kadar uzun,8470
bu kadar,bu kadar uzun,8470
gibi bir,senin gibi bir,8462
senin gibi,senin gibi bir,8462
çok güzel,görmek çok güzel,8437
görmek çok,görmek çok güzel,8437
ne demek,ne demek olduğunu,8370
bir tane,bir tane var,8358
tane var,bir tane var,8358
bir gün,güzel bir gün,8335
güzel bir,güzel bir gün,8335
sen iyi,sen iyi bir,8334
iyi bir,sen iyi bir,8334
olduğunu biliyorum,kim olduğunu biliyorum,8320
kim olduğunu,kim olduğunu biliyorum,8320
hayır teşekkür,hayır teşekkür ederim,8282
teşekkür ederim,hayır teşekkür ederim,8282
bu da,bu da kim,8281
da kim,bu da kim,8281
bir şey,ona bir şey,8269
ona bir,ona bir şey,8269
da bir,bu da bir,8259
bu da,bu da bir,8259
ne oldu,sonra ne oldu,8258
sonra ne,sonra ne oldu,8258
seni bir,seni bir daha,8254
bir daha,seni bir daha,8254
ama çok,çok ama çok,8238
oldu sana,ne oldu sana,8202
ne oldu,ne oldu sana,8202
harika bir,harika bir şey,8196
bir şey,harika bir şey,8196
görmek ne,görmek ne güzel,8096
ne güzel,görmek ne güzel,8096
o zaman,o zaman bu,8075
bunu yapmak,bunu yapmak zorunda,8062
yapmak zorunda,bunu yapmak zorunda,8062
başka bir,başka bir yere,8039
bir yere,başka bir yere,8039
belki de,belki de bir,7981
de bir,belki de bir,7981
yer var,bir yer var,7978
bir yer,bir yer var,7978
saat içinde,bir saat içinde,7899
bir saat,bir saat içinde,7899
ne kadar,ne kadar kötü,7896
kadar kötü,ne kadar kötü,7896
o zaman,o zaman ben,7837
ne istiyorsun,benden ne istiyorsun,7806
benden ne,benden ne istiyorsun,7806
şey bu,tek şey bu,7786
tek şey,tek şey bu,7786
oluyor burada,neler oluyor burada,7771
neler oluyor,neler oluyor burada,7771
nerede olduğunu,nerede olduğunu biliyor,7748
olduğunu biliyor,nerede olduğunu biliyor,7748
için de,benim için de,7722
benim için,benim için de,7722
için ne,sizin için ne,7704
sizin için,sizin için ne,7704
de hiç,hem de hiç,7628
hem de,hem de hiç,7628
değil mi,doğru değil mi,7614
doğru değil,doğru değil mi,7614
bu kadar,niye bu kadar,7580
bu iş,bu iş için,7572
de değil,hiç de değil,7556
hiç de,hiç de değil,7556
sorun değil,hayır sorun değil,7551
hayır sorun,hayır sorun değil,7551
yardım etmek,yardım etmek istiyorum,7539
etmek istiyorum,yardım etmek istiyorum,7539
hakkında hiçbir,hakkında hiçbir şey,7464
hiçbir şey,hakkında hiçbir şey,7464
bir şey,bir şey ister,7437
şey ister,bir şey ister,7437
bunu neden,bunu neden yapıyorsun,7394
neden yapıyorsun,bunu neden yapıyorsun,7394
neden biliyor,neden biliyor musun,7330
biliyor musun,neden biliyor musun,7330
ne oldu,sana ne oldu,7329
sana ne,sana ne oldu,7329
olarak değil,tam olarak değil,7297
tam olarak,tam olarak değil,7297
çok önemli,bu çok önemli,7267
bu çok,bu çok önemli,7267
iyi değil,hiç iyi değil,7263
hiç iyi,hiç iyi değil,7263
nasıl oldu,nasıl oldu da,7254
buna gerek,buna gerek yok,7218
gerek yok,buna gerek yok,7218
ne olduğunu,bunun ne olduğunu,7184
bunun ne,bunun ne olduğunu,7184
böyle bir,neden böyle bir,7171
neden böyle,neden böyle bir,7171
bir adam,bir adam var,7169
onun gibi,onun gibi bir,7162
gibi bir,onun gibi bir,7162
ben de,ben de bu,7132
de bu,ben de bu,7132
olduğunu biliyorum,ne olduğunu biliyorum,7115
ne olduğunu,ne olduğunu biliyorum,7115
başka bir,başka bir yerde,7092
bir yerde,başka bir yerde,7092
büyük bir,için büyük bir,7055
olan bir,olan bir şey,7039
bir şey,olan bir şey,7039
bir şeyler,için bir şeyler,7004
için bir,için bir şeyler,7004
bir şey,fazla bir şey,6998
yeni bir,yeni bir şey,6946
bir şey,yeni bir şey,6946
ve şimdi,ve şimdi de,6940
şimdi de,ve şimdi de,6940
bir şey,özel bir şey,6925
özel bir,özel bir şey,6925
sadece bir,sadece bir tane,6896
bir tane,sadece bir tane,6896
hiçbir şey,hiçbir şey bilmiyorum,6879
şey bilmiyorum,hiçbir şey bilmiyorum,6879
bir şey,bir şey için,6825
şey için,bir şey için,6825
ne kadar,ne kadar iyi,6800
kadar iyi,ne kadar iyi,6800
şey değil,şey değil mi,6776
değil mi,şey değil mi,6776
olur mu,sorun olur mu,6747
değil mi,iyi değil mi,6742
iyi değil,iyi değil mi,6742
özür dilerim,özür dilerim ama,6726
nasıl olur,nasıl olur da,6661
şunu bana,ver şunu bana,6651
ver şunu,ver şunu bana,6651
hakkında ne,hakkında ne biliyorsun,6636
ne biliyorsun,hakkında ne biliyorsun,6636
ben de,ben de seninle,6600
ister misin,etmek ister misin,6597
kadar zor,ne kadar zor,6589
ne kadar,ne kadar zor,6589
çok önemli,için çok önemli,6587
için çok,için çok önemli,6587
bir dakika,bir dakika bekle,6566
iyi mi,o iyi mi,6557
o iyi,o iyi mi,6557
ne var,ne var ki,6553
var ki,ne var ki,6553
ne demek,ne demek şimdi,6504
demek şimdi,ne demek şimdi,6504
özel bir,çok özel bir,6434
de öyle,de öyle değil,6430
öyle değil,de öyle değil,6430
benim için,benim için mi,6385
için mi,benim için mi,6385
gerek yok,hiç gerek yok,6382
de benim,sen de benim,6370
sen de,sen de benim,6370
şey yok,şey yok mu,6363
yok mu,şey yok mu,6363
yardım etmek,sana yardım etmek,6356
sana yardım,sana yardım etmek,6356
böyle bir,hiç böyle bir,6337
hiç böyle,hiç böyle bir,6337
emin olmak,emin olmak için,6325
olmak için,emin olmak için,6325
yapmak istiyorsun,ne yapmak istiyorsun,6316
ne yapmak,ne yapmak istiyorsun,6316
onu bana,ver onu bana,6313
ver onu,ver onu bana,6313
zaman bir,o zaman bir,6269
o zaman,o zaman bir,6269
burada ne,burada ne işi,6237
ne işi,burada ne işi,6237
kadar iyi,bu kadar iyi,6206
bu kadar,bu kadar iyi,6206
çok daha,çok daha fazla,6199
daha fazla,çok daha fazla,6199
bu o,bu o mu,6184
o mu,bu o mu,6184
hiç de,hiç de bile,6183
ben de,ben de tam,6171
hiçbir şey,ben hiçbir şey,6160
ben hiçbir,ben hiçbir şey,6160
tamam mı,ol tamam mı,6154
tek şey,olan tek şey,6153
ya da,ya da geç,6145
güzel bir,güzel bir yer,6136
bir yer,güzel bir yer,6136
aynı şeyi,de aynı şeyi,6128
de aynı,de aynı şeyi,6128
bir şeyi,bir şeyi yok,6120
şeyi yok,bir şeyi yok,6120
senin için,senin için de,6116
için de,senin için de,6116
bir şey,ama bir şey,6097
ama bir,ama bir şey,6097
o iyi,o iyi bir,6084
iyi bir,o iyi bir,6084
çok hoş,çok hoş bir,6081
hoş bir,çok hoş bir,6081
o sadece,o sadece bir,6038
sadece bir,o sadece bir,6038
emin değilim,pek emin değilim,6005
için çok,için çok geç,5988
çok geç,için çok geç,5988
o da,ve o da,5938
ve o,ve o da,5938
hiç bir,hiç bir zaman,5935
bir zaman,hiç bir zaman,5935
sorun değil,hiç sorun değil,5924
hiç sorun,hiç sorun değil,5924
de aynı,ben de aynı,5919
ben de,ben de aynı,5919
de bir,sen de bir,5914
sen de,sen de bir,5914
şu anda,ama şu anda,5900
ve bir,ve bir de,5896
bir de,ve bir de,5896
üç iki,üç iki bir,5869
bekle bekle,bekle bekle bekle,5864
biliyorum ama,olduğunu biliyorum ama,5848
olduğunu biliyorum,olduğunu biliyorum ama,5848
bir saat,bir saat önce,5829
saat önce,bir saat önce,5829
sen ve,sadece sen ve,5821
sadece sen,sadece sen ve,5821
için çok,bunun için çok,5806
bunun için,bunun için çok,5806
daha iyi,daha iyi olacak,5802
iyi olacak,daha iyi olacak,5802
bir şey,bir şey söyledi,5764
bir şey,bir şey olmalı,5750
iyi olur,çok iyi olur,5733
çok iyi,çok iyi olur,5733
şu ki,sorun şu ki,5722
büyük bir,büyük bir şey,5684
bir şey,büyük bir şey,5684
ve bir,ve bir daha,5668
bir daha,ve bir daha,5668
ne olacak,sonra ne olacak,5665
sonra ne,sonra ne olacak,5665
her şey,her şey hazır,5657
ne oldu,ne oldu ki,5632
tamam mı,yok tamam mı,5620
bir şey,bir şey bilmiyorum,5619
şey bilmiyorum,bir şey bilmiyorum,5619
bu hiç,bu hiç iyi,5608
hiç iyi,bu hiç iyi,5608
saat sonra,bir saat sonra,5607
bir saat,bir saat sonra,5607
değil mi,istiyorsun değil mi,5605
ben de,ben de ona,5580
şu an,ama şu an,5579
olduğunu biliyor,kim olduğunu biliyor,5573
kim olduğunu,kim olduğunu biliyor,5573
özür dilerim,özür dilerim efendim,5565
bir şey,bir şey yapmak,5534
daha iyi,bu daha iyi,5513
bu daha,bu daha iyi,5513
benim için,bunu benim için,5512
peki şimdi,peki şimdi ne,5509
şimdi ne,peki şimdi ne,5509
yardım et,yardım et bana,5501
bir şeyler,bir şeyler oluyor,5495
çok hoş,bu çok hoş,5494
bu çok,bu çok hoş,5494
bundan emin,bundan emin misin,5492
emin misin,bundan emin misin,5492
onu bir,onu bir daha,5485
bir daha,onu bir daha,5485
bir daha,bunu bir daha,5483
bunu bir,bunu bir daha,5483
bir kaç,bir kaç gün,5475
bu da,bu da benim,5450
da benim,bu da benim,5450
bir şeyler,hakkında bir şeyler,5447
hakkında bir,hakkında bir şeyler,5447
uzun bir,çok uzun bir,5438
çok uzun,çok uzun bir,5438
bu da,bu da nedir,5410
da nedir,bu da nedir,5410
bir şey,bir şey vardı,5407
sağ ol,hayır sağ ol,5403
hayır sağ,hayır sağ ol,5403
kötü değil,da kötü değil,5401
da kötü,da kötü değil,5401
sorun yok,bir sorun yok,5367
bir sorun,bir sorun yok,5367
gibi değil,gibi değil mi,5366
değil mi,gibi değil mi,5366
değil mi,ama değil mi,5356
ama bu,evet ama bu,5340
evet ama,evet ama bu,5340
ne kadar,ne kadar oldu,5320
onu bana,onu bana ver,5318
bana ver,onu bana ver,5318
nereden biliyorsun,bunu nereden biliyorsun,5314
bunu nereden,bunu nereden biliyorsun,5314
her şey,her şey iyi,5285
bir tane,bir tane de,5278
var mı,var mı diye,5268
başka bir,da başka bir,5264
ne kadar,ne kadar zaman,5257
pek iyi,pek iyi değil,5235
iyi değil,pek iyi değil,5235
bir adam,iyi bir adam,5223
iyi bir,iyi bir adam,5223
en iyi,benim en iyi,5187
bir yer,bir yer değil,5151
ya da,ya da başka,5134
çok güzel,çok güzel değil,5131
güzel değil,çok güzel değil,5131
tek bir,sadece tek bir,5115
bu kadar,benden bu kadar,5062
evet bu,evet bu doğru,5049
bu doğru,evet bu doğru,5049
bu yüzden,bu yüzden bu,5018
bir yere,bir yere mi,5014
etmek istiyorum,teşekkür etmek istiyorum,5010
bu iyi,bu iyi değil,4980
iyi değil,bu iyi değil,4980
tamam mı,değil tamam mı,4975
bir şey,burada bir şey,4974
burada bir,burada bir şey,4974
ha ha,ha ha ha,4968
bu kadar,bu kadar önemli,4966
şey ister,şey ister misin,4952
ister misin,şey ister misin,4952
yardım edin,bana yardım edin,4941
bana yardım,bana yardım edin,4941
bu yüzden,bu yüzden de,4933
bu kötü,bu kötü bir,4932
kötü bir,bu kötü bir,4932
sonra da,ve sonra da,4930
ve sonra,ve sonra da,4930
sağ ol,çok sağ ol,4927
iyi bir,bunun iyi bir,4920
olabilir ki,ne olabilir ki,4918
ne olabilir,ne olabilir ki,4918
görmek çok,seni görmek çok,4911
seni görmek,seni görmek çok,4911
zor bir,çok zor bir,4885
çok zor,çok zor bir,4885
bir kız,küçük bir kız,4861
küçük bir,küçük bir kız,4861
en iyi,en iyi şey,4854
tamam tamam,tamam tamam tamam,4838
bunu sen,bunu sen mi,4830
sen mi,bunu sen mi,4830
de bana,sen de bana,4808
ne kadar,ne kadar var,4808
sen de,sen de bana,4808
o da,o da kim,4806
da kim,o da kim,4806
iyi mi,herkes iyi mi,4802
çok şey,hakkında çok şey,4799
oluyor burada,ne oluyor burada,4794
ne oluyor,ne oluyor burada,4794
daha var,tane daha var,4780
tane daha,tane daha var,4780
bu gece,bu gece burada,4755
ne oldu,ne oldu böyle,4728
seni görmek,seni görmek istiyor,4725
görmek istiyor,seni görmek istiyor,4725
için en,için en iyi,4721
en iyi,için en iyi,4721
olduğunu bilmiyorum,nerede olduğunu bilmiyorum,4719
nerede olduğunu,nerede olduğunu bilmiyorum,4719
de beni,sen de beni,4717
sen de,sen de beni,4717
ilgili bir,ile ilgili bir,4701
ile ilgili,ile ilgili bir,4701
iyi bir,iyi bir iş,4657
bir iş,iyi bir iş,4657
ne böyle,bu ne böyle,4653
bu ne,bu ne böyle,4653
ne var,başka ne var,4651
başka ne,başka ne var,4651
bir son,buna bir son,4647
aman tanrım,oh aman tanrım,4644
bir yer,iyi bir yer,4643
ne kadar,bu ne kadar,4643
bu ne,bu ne kadar,4643
iyi bir,iyi bir yer,4643
şu an,şu an için,4642
seni görmek,seni görmek ne,4628
görmek ne,seni görmek ne,4628
hoş değil,hiç hoş değil,4626
ne oldu,ona ne oldu,4617
ona ne,ona ne oldu,4617
daha önce,daha önce böyle,4607
için bu,için bu kadar,4599
bu kadar,için bu kadar,4599
ben de,ben de bilmiyorum,4598
bir şey,da bir şey,4585
da bir,da bir şey,4585
o zaman,o zaman sen,4583
teşekkür ederim,ben teşekkür ederim,4569
her şey,ve her şey,4568
ve her,ve her şey,4568
bir an,bir an için,4560
her zaman,ben her zaman,4560
benim de,benim de bir,4541
de bir,benim de bir,4541
için üzgünüm,bunun için üzgünüm,4534
bunun için,bunun için üzgünüm,4534
olduğunu biliyorum,zor olduğunu biliyorum,4504
lütfen yardım,lütfen yardım edin,4504
yardım edin,lütfen yardım edin,4504
her şeyi,bana her şeyi,4499
de bana,bir de bana,4494
senin için,bunu senin için,4494
bir de,bir de bana,4494
benim için,benim için önemli,4490
bir şey,de bir şey,4489
de bir,de bir şey,4489
nasıl bir,bu nasıl bir,4477
bu nasıl,bu nasıl bir,4477
demek oluyor,demek oluyor ki,4473
o da,o da bir,4467
da bir,o da bir,4467
bu çok,ama bu çok,4459
ama bu,ama bu çok,4459
bunlar da,bunlar da ne,4443
da ne,bunlar da ne,4443
harika bir,için harika bir,4435
bir iş,bir iş var,4433
bir gün,bir gün daha,4432
bir zaman,başka bir zaman,4431
başka bir,başka bir zaman,4431
güzel bir,bu güzel bir,4419
bu güzel,bu güzel bir,4419
tamam mı,istiyorum tamam mı,4414
peki ya,peki ya bu,4412
ya bu,peki ya bu,4412
bir kez,sadece bir kez,4406
sadece bir,sadece bir kez,4406
çok üzgünüm,gerçekten çok üzgünüm,4402
gerçekten çok,gerçekten çok üzgünüm,4402
benim için,benim için değil,4400
için değil,benim için değil,4400
güzel bir,için güzel bir,4398
ne demek,o ne demek,4393
o ne,o ne demek,4393
değil mi,oldu değil mi,4390
bu bir,ama bu bir,4388
ne iş,ne iş yapıyorsun,4388
ama bu,ama bu bir,4388
bir kez,bir kez olsun,4375
da bu,sorun da bu,4373
bu mu,bu mu yani,4371
yer var,yer var mı,4353
var mı,yer var mı,4353
seni tekrar,seni tekrar görmek,4351
tabii ki,tabii ki de,4344
çok fazla,çok fazla şey,4344
ne zaman,ne zaman oldu,4343
zaman oldu,ne zaman oldu,4343
şey bu,şey bu mu,4332
bu mu,şey bu mu,4332
gün önce,birkaç gün önce,4330
birkaç gün,birkaç gün önce,4330
için daha,için daha iyi,4328
daha iyi,için daha iyi,4328
öyle değil,hayır öyle değil,4323
hayır öyle,hayır öyle değil,4323
bu yüzden,bu yüzden onu,4323
bir şey,bir şey yapma,4311
az önce,az önce ne,4310
şu anda,şu anda bir,4306
gerçekten çok,gerçekten çok güzel,4302
çok güzel,gerçekten çok güzel,4302
ne kadar,ne kadar büyük,4299
gibi bir,bunun gibi bir,4298
bunun gibi,bunun gibi bir,4298
bu o,bu o kadar,4277
o kadar,bu o kadar,4277
bu çok,bu çok fazla,4275
çok fazla,bu çok fazla,4275
bunu sen,bunu sen de,4268
sen de,bunu sen de,4268
bu kadar,bu kadar emin,4267
güzel bir,kadar güzel bir,4266
kadar güzel,kadar güzel bir,4266
bir kaç,sadece bir kaç,4260
sadece bir,sadece bir kaç,4260
o zaman,o zaman bana,4258
de bu,de bu yüzden,4253
bu yüzden,de bu yüzden,4253
aynı şey,aynı şey değil,4251
şey değil,aynı şey değil,4251
kim olduğunu,kim olduğunu bilmiyorum,4251
olduğunu bilmiyorum,kim olduğunu bilmiyorum,4251
yer yok,bir yer yok,4248
bir yer,bir yer yok,4248
ben de,ben de o,4244
de o,ben de o,4244
benden daha,benden daha iyi,4239
daha iyi,benden daha iyi,4239
için çok,için çok teşekkür,4237
çok teşekkür,için çok teşekkür,4237
hiç böyle,önce hiç böyle,4225
önce hiç,önce hiç böyle,4225
bana göre,bana göre değil,4224
nasıl oldu,bu nasıl oldu,4218
bu nasıl,bu nasıl oldu,4218
ben sadece,ben sadece bir,4213
sadece bir,ben sadece bir,4213
bir gün,belki bir gün,4200
belki bir,belki bir gün,4200
bir daha,bir daha hiç,4189
hafta önce,bir hafta önce,4182
bir hafta,bir hafta önce,4182
bir kız,güzel bir kız,4175
ben de,ben de çok,4175
güzel bir,güzel bir kız,4175
de çok,ben de çok,4175
bir şey,bir şey biliyor,4155
pek çok,pek çok şey,4153
çok şey,pek çok şey,4153
nerede olduğunu,nerede olduğunu söyle,4145
olduğunu söyle,nerede olduğunu söyle,4145
bir şey,kimse bir şey,4128
de ne,de ne demek,4126
ne demek,de ne demek,4126
her zaman,her zaman böyle,4105
benim için,benim için ne,4098
için ne,benim için ne,4098
peki ya,peki ya ben,4096
ya ben,peki ya ben,4096
değil mi,olmaz değil mi,4094
yıl önce,birkaç yıl önce,4092
yeni bir,için yeni bir,4090
için bir,için bir neden,4088
önemli değil,hiç önemli değil,4079
gerek yok,hayır gerek yok,4076
sizin için,sizin için bir,4059
için bir,sizin için bir,4059
de ne,şey de ne,4057
şey de,şey de ne,4057
çok teşekkürler,için çok teşekkürler,4052
için çok,için çok teşekkürler,4052
kim bu,kim bu adam,4046
bu adam,kim bu adam,4046
küçük bir,sadece küçük bir,4045
bir şeyler,bir şeyler mi,4029
için iyi,senin için iyi,4011
senin için,senin için iyi,4011
başka bir,için başka bir,4010
da kötü,daha da kötü,4009
daha da,daha da kötü,4009
ister misin,yapmak ister misin,4006
tamam mı,var tamam mı,4005
bunun için,bunun için mi,4002
için mi,bunun için mi,4002
için çok,onun için çok,3976
onun için,onun için çok,3976
söyledi mi,şey söyledi mi,3972
ya da,öyle ya da,3953
bir tane,başka bir tane,3939
başka bir,başka bir tane,3939
de iyi,de iyi bir,3929
iyi bir,de iyi bir,3929
bu nasıl,bu nasıl olabilir,3926
hiçbir şey,ama hiçbir şey,3919
büyük bir,kadar büyük bir,3917
bir dakika,bana bir dakika,3905
bana bir,bana bir dakika,3905
bir iş,harika bir iş,3904
daha önce,onu daha önce,3904
harika bir,harika bir iş,3904
olduğunu biliyorum,nerede olduğunu biliyorum,3883
nerede olduğunu,nerede olduğunu biliyorum,3883
ya da,ya da böyle,3875
bir zaman,bir zaman değil,3873
de bir,yine de bir,3872
yine de,yine de bir,3872
bu yüzden,bu yüzden sana,3868
ama o,ama o kadar,3867
o kadar,ama o kadar,3867
bir yıl,bir yıl önce,3863
yıl önce,bir yıl önce,3863
ne güzel,aman ne güzel,3844
aman ne,aman ne güzel,3844
bir dakika,bir dakika lütfen,3838
son bir,son bir kez,3834
bir kez,son bir kez,3834
bu hiç,bu hiç de,3830
hiç de,bu hiç de,3830
bunu yapmak,bunu yapmak için,3819
yapmak için,bunu yapmak için,3819
her yerde,her yerde seni,3808
üzgünüm ama,için üzgünüm ama,3807
için üzgünüm,için üzgünüm ama,3807
daha iyi,böyle daha iyi,3805
ister misin,yemek ister misin,3799
kim olduğunu,onun kim olduğunu,3795
ya da,ya da daha,3794
tek şey,gereken tek şey,3794
sen ne,peki sen ne,3793
peki sen,peki sen ne,3793
olan bu,önemli olan bu,3788
önemli olan,önemli olan bu,3788
da bu,olan da bu,3783
ya da,ya da belki,3779
benim için,benim için sorun,3775
daha önce,daha önce bir,3772
önce bir,daha önce bir,3772
bir şeyler,bir şeyler söyle,3766
beni bir,beni bir daha,3754
bir daha,beni bir daha,3754
bu gerçekten,bu gerçekten çok,3753
gerçekten çok,bu gerçekten çok,3753
ne zaman,ne zaman bir,3751
zaman bir,ne zaman bir,3751
sadece bir,sadece bir dakika,3751
bir dakika,sadece bir dakika,3751
daha önce,seni daha önce,3741
seni daha,seni daha önce,3741
o zaman,o zaman da,3737
da bu,da bu zaten,3734
sana ne,bak sana ne,3730
o da,o da benim,3722
da benim,o da benim,3722
bir şeyler,bir şeyler yapmak,3715
bir dakika,bir dakika izin,3707
var mı,sorun var mı,3704
sorun var,sorun var mı,3704
ama ben,ama ben de,3703
ben de,ama ben de,3703
tabii ki,hayır tabii ki,3697
bu yeni,bu yeni bir,3663
yeni bir,bu yeni bir,3663
hiçbir şey,bana hiçbir şey,3658
o zaman,o zaman onu,3657
sana ne,sana ne kadar,3654
ne kadar,sana ne kadar,3654
o kadar,o kadar mı,3653
kadar mı,o kadar mı,3653
bu yüzden,ve bu yüzden,3652
ve bu,ve bu yüzden,3652
her şey,her şey bir,3649
de o,belki de o,3645
belki de,belki de o,3645
kadar uzun,o kadar uzun,3641
o kadar,o kadar uzun,3641
ilgili bir,ilgili bir şeyler,3634
bir şeyler,ilgili bir şeyler,3634
hiçbir şey,sana hiçbir şey,3634
çok iyi,gerçekten çok iyi,3620
gerçekten çok,gerçekten çok iyi,3620
için çok,için çok fazla,3618
çok fazla,için çok fazla,3618
daha iyi,şimdi daha iyi,3613
mi var,biri mi var,3609
biri mi,biri mi var,3609
sen de,ama sen de,3605
ama sen,ama sen de,3605
bir yere,hiç bir yere,3601
hiç bir,hiç bir yere,3601
teşekkür ederim,teşekkür ederim bay,3598
değil mi,yapıyorsun değil mi,3597
çok iyi,de çok iyi,3595
de çok,de çok iyi,3595
de o,de o kadar,3591
o kadar,de o kadar,3591
bir kaç,bir kaç dakika,3576
ne kadar,ne kadar para,3573
kötü değil,kadar kötü değil,3572
kadar kötü,kadar kötü değil,3572
ben de,bunu ben de,3568
bunu ben,bunu ben de,3568
bir kız,bir kız var,3568
bu yüzden,bu yüzden seni,3565
bu kadar,tamam bu kadar,3564
tamam bu,tamam bu kadar,3564
kimse yok,burada kimse yok,3562
en önemli,en önemli şey,3559
daha çok,daha çok şey,3554
çok şey,daha çok şey,3554
senin için,senin için her,3552
için her,senin için her,3552
için de,için de bir,3540
de bir,için de bir,3540
her şey,olan her şey,3533
tam bir,bu tam bir,3532
ben de,ben de bundan,3527
bu gece,bu gece bir,3525
için bir,bunun için bir,3522
bunun için,bunun için bir,3522
onun için,onun için bir,3518
için bir,onun için bir,3518
hafta önce,birkaç hafta önce,3503
bir hafta,bir hafta sonra,3494
bir şey,son bir şey,3492
son bir,son bir şey,3492
her şeyi,her şeyi biliyorum,3483
bunun ne,bunun ne kadar,3463
ne kadar,bunun ne kadar,3463
böyle bir,önce böyle bir,3450
daha mı,daha mı iyi,3448
bir dakika,bir dakika içinde,3447
dakika içinde,bir dakika içinde,3447
ve ben,ve ben bir,3445
ben bir,ve ben bir,3445
her şeyi,sana her şeyi,3443
her ne,her ne kadar,3441
ne kadar,her ne kadar,3441
çok iyi,çok iyi biliyorum,3437
emin olmak,emin olmak istiyorum,3434
olmak istiyorum,emin olmak istiyorum,3434
her şeyi,hakkında her şeyi,3428
bu gece,bu gece için,3428
neler oluyor,orada neler oluyor,3422
bir tek,bir tek sen,3418
için bir,bizim için bir,3405
bizim için,bizim için bir,3405
çok zor,için çok zor,3392
için çok,için çok zor,3392
bir şeyler,bana bir şeyler,3386
bana bir,bana bir şeyler,3386
hiç de,hayır hiç de,3382
hayır hiç,hayır hiç de,3382
bir gün,kötü bir gün,3366
kötü bir,kötü bir gün,3366
bir yer,harika bir yer,3365
harika bir,harika bir yer,3365
bir yer,başka bir yer,3363
başka bir,başka bir yer,3363
bir daha,bir daha söyle,3360
ne kadar,ne kadar önemli,3348
her şeyi,bu her şeyi,3340
doğru mu,doğru mu bu,3331
bir zaman,iyi bir zaman,3331
iyi bir,iyi bir zaman,3331
eğer bir,eğer bir şey,3327
bir şey,eğer bir şey,3327
daha iyi,kendini daha iyi,3319
hoş değil,hoş değil mi,3319
değil mi,hoş değil mi,3319
ben de,ben de sizi,3316
gibi bir,benim gibi bir,3314
beni mi,beni mi görmek,3314
benim gibi,benim gibi bir,3314
bana yardım,lütfen bana yardım,3311
lütfen bana,lütfen bana yardım,3311
iyi bir,gerçekten iyi bir,3307
gerçekten iyi,gerçekten iyi bir,3307
ne oldu,ne oldu peki,3302
bir şey,bir şey olabilir,3300
şimdi beni,şimdi beni dinle,3298
beni dinle,şimdi beni dinle,3298
daha önce,neden daha önce,3295
bir şey,orada bir şey,3294
orada bir,orada bir şey,3294
her şey,için her şey,3292
için her,için her şey,3292
ne var,şimdi ne var,3291
şimdi ne,şimdi ne var,3291
biz de,ve biz de,3286
her şeyi,olan her şeyi,3279
ben de,zaman ben de,3278
bir çocuk,iyi bir çocuk,3274
iyi bir,iyi bir çocuk,3274
evet ama,evet ama ben,3272
ama ben,evet ama ben,3272
bir şeyler,sana bir şeyler,3264
bu gerçek,bu gerçek bir,3264
gerçek bir,bu gerçek bir,3264
sana bir,sana bir şeyler,3264
ol dostum,sağ ol dostum,3262
sağ ol,sağ ol dostum,3262
ister misin,daha ister misin,3261
biliyorsun değil,olduğunu biliyorsun değil,3261
olduğunu biliyorsun,olduğunu biliyorsun değil,3261
sen misin,bu sen misin,3258
ne o,ne o zaman,3255
o zaman,ne o zaman,3255
o zaman,o zaman beni,3255
iyi bir,ben iyi bir,3254
ama benim,ama benim için,3241
benim için,ama benim için,3241
o kadar,o kadar emin,3240
ben de,ben de böyle,3230
belki de,belki de sadece,3228
iyi misiniz,siz iyi misiniz,3222
en son,onu en son,3221
şu an,şu an bir,3215
çok büyük,bu çok büyük,3213
bu çok,bu çok büyük,3213
her zaman,sen her zaman,3212
de onu,belki de onu,3210
belki de,belki de onu,3210
bu yüzden,bu yüzden bir,3199
bir kadın,bir kadın var,3199
daha iyi,senden daha iyi,3192
de bu,sen de bu,3192
sen de,sen de bu,3192
her şeyi,ve her şeyi,3190
ve her,ve her şeyi,3190
bize bir,bize bir şey,3189
bir şey,bize bir şey,3189
neler olduğunu,bana neler olduğunu,3189
daha çok,ben daha çok,3182
ben daha,ben daha çok,3182
kimse yok,başka kimse yok,3180
ben de,ben de onun,3180
ne zaman,bu ne zaman,3179
bu ne,bu ne zaman,3179
var mı,şeyler var mı,3175
şeyler var,şeyler var mı,3175
etmek için,yok etmek için,3170
bu çok,bu çok zor,3167
çok zor,bu çok zor,3167
şu anda,ve şu anda,3164
de bir,de bir şeyler,3151
her şey,her şey kontrol,3151
bir şeyler,de bir şeyler,3151
hiçbir şey,hiçbir şey için,3148
şey için,hiçbir şey için,3148
bir şey,senden bir şey,3147
özel bir,için özel bir,3142
önce bir,az önce bir,3136
az önce,az önce bir,3136
bir adam,bir adam vardı,3134
o değil,bu o değil,3133
bu o,bu o değil,3133
şeyler var,gereken şeyler var,3129
için teşekkürler,şey için teşekkürler,3124
şey için,şey için teşekkürler,3124
hayır mı,mi hayır mı,3121
bir kaç,bir kaç saat,3119
bir şey,bir şey de,3117
şey de,bir şey de,3117
evet mi,evet mi hayır,3115
bu da,bu da senin,3108
daha iyi,daha iyi misin,3105
iyi misin,daha iyi misin,3105
bana neden,bunu bana neden,3104
bunu bana,bunu bana neden,3104
bunu sana,bunu sana kim,3091
daha önce,sana daha önce,3089
teşekkür ederim,evet teşekkür ederim,3089
sizin için,bu sizin için,3087
bu sizin,bu sizin için,3087
haydi haydi,haydi haydi haydi,3086
o zaman,o zaman bunu,3084
biliyorsun değil,bunu biliyorsun değil,3077
bunu biliyorsun,bunu biliyorsun değil,3077
de bir,de bir tane,3074
bir tane,de bir tane,3074
başka bir,ama başka bir,3069
ama bu,ama bu gece,3068
bu gece,ama bu gece,3068
söz ver,bana söz ver,3061
de öyle,biz de öyle,3059
biz de,biz de öyle,3059
hiçbir şey,başka hiçbir şey,3055
tam bir,sen tam bir,3048
var mı,gerek var mı,3047
hiçbir şey,için hiçbir şey,3044
ama bu,ama bu benim,3043
büyük bir,ne büyük bir,3043
bu benim,ama bu benim,3043
bu kadar,bu kadar güzel,3041
kadar güzel,bu kadar güzel,3041
sen bir,sen bir şey,3039
bir şey,sen bir şey,3039
o zaman,o zaman niye,3037
çok iyi,için çok iyi,3030
için çok,için çok iyi,3030
ne kadar,ne kadar hoş,3026
sen burada,sen burada ne,3021
burada ne,sen burada ne,3021
bir şeyler,bir şeyler olmalı,3021
sen de,sen de onu,3020
de onu,sen de onu,3020
evet çok,evet çok güzel,3017
değil mi,biri değil mi,3017
çok güzel,evet çok güzel,3017
biri değil,biri değil mi,3017
ne demek,ne demek biliyor,3008
bana ne,bana ne olduğunu,3005
neler oluyor,neler oluyor böyle,3005
ne olduğunu,bana ne olduğunu,3005
bir şey,bir şey gördüm,3004
bu kadar,bu kadar kötü,3004
kadar kötü,bu kadar kötü,3004
ne kadar,seni ne kadar,2997
bir çocuk,küçük bir çocuk,2994
özel bir,bu özel bir,2994
küçük bir,küçük bir çocuk,2994
devam et,sen devam et,2981
hiçbir şey,ve hiçbir şey,2981
ister misin,biraz ister misin,2979
her şey,her şey daha,2978
sen de,sen de bunu,2978
şey daha,her şey daha,2978
de bunu,sen de bunu,2978
başka bir,belki başka bir,2964
her şeyi,ben her şeyi,2958
ya da,evet ya da,2957
bu adam,bu adam bir,2957
bir şey,küçük bir şey,2955
küçük bir,küçük bir şey,2955
bir daha,bir daha görmek,2953
ne hoş,ne hoş bir,2951
olduğunu biliyorsun,ne olduğunu biliyorsun,2951
ne olduğunu,ne olduğunu biliyorsun,2951
hoş bir,ne hoş bir,2951
her şey,ama her şey,2947
daha iyi,daha iyi değil,2945
iyi değil,daha iyi değil,2945
bu kadar,bu kadar zor,2941
kadar zor,bu kadar zor,2941
şu an,şu an burada,2934
birkaç gün,birkaç gün içinde,2931
hiçbir şey,burada hiçbir şey,2926
bir tek,bir tek ben,2913
en az,en az bir,2911
belki de,belki de sen,2911
bir yerde,bir yerde olmalı,2910
olduğunu bilmiyorum,olduğunu bilmiyorum ama,2904
bilmiyorum ama,olduğunu bilmiyorum ama,2904
ne olacak,ne olacak peki,2903
değil mi,değil mi bay,2902
böyle şeyler,olur böyle şeyler,2900
mi bu,değil mi bu,2898
değil mi,değil mi bu,2898
bir daha,bir daha da,2897
belki de,ama belki de,2897
daha da,bir daha da,2897
her şey,her şey tamam,2889
da ne,ya da ne,2881
ya da,ya da ne,2881
ve bir,ve bir şey,2879
bir şey,ve bir şey,2879
sizi görmek,sizi görmek istiyor,2877
görmek istiyor,sizi görmek istiyor,2877
görmek istiyorum,onu görmek istiyorum,2877
sen de,sen de çok,2875
güzel bir,güzel bir kadın,2875
de çok,sen de çok,2875
bir kadın,güzel bir kadın,2875
seni seviyorum,seni seviyorum baba,2873
öyle mi,oh öyle mi,2871
bir yer,bir yer biliyorum,2868
başka bir,de başka bir,2868
bundan daha,bundan daha iyi,2867
daha iyi,bundan daha iyi,2867
o yüzden,o yüzden bu,2866
böyle bir,böyle bir yerde,2866
bir yerde,böyle bir yerde,2866
bir şey,bir şey geldi,2865
iyi bir,ve iyi bir,2863
o zaman,ama o zaman,2859
ama o,ama o zaman,2859
iyi bir,ama iyi bir,2843
ister misin,yardım ister misin,2840
şey de,şey de bu,2840
de bu,şey de bu,2840
ya da,ya da bu,2833
da bu,ya da bu,2833
ne yapıyorsun,hey ne yapıyorsun,2831
hey ne,hey ne yapıyorsun,2831
senin için,ben senin için,2831
ben senin,ben senin için,2831
her zaman,ama her zaman,2827
bu gece,bu gece ne,2820
çok iyi,o çok iyi,2816
o çok,o çok iyi,2816
bize yardım,bize yardım et,2813
yardım et,bize yardım et,2813
o da,o da mı,2812
bu doğru,hayır bu doğru,2812
hayır bu,hayır bu doğru,2812
da mı,o da mı,2812
tek kişi,tek kişi benim,2810
hadi ama,hadi ama dostum,2809
önemli değil,hayır önemli değil,2804
her şey,her şey burada,2799
çok şey,kadar çok şey,2796
kadar çok,kadar çok şey,2796
tanrım bu,aman tanrım bu,2790
aman tanrım,aman tanrım bu,2790
görmek için,seni görmek için,2789
seni görmek,seni görmek için,2789
kadar iyi,kadar iyi bir,2775
iyi bir,kadar iyi bir,2775
o zaman,o zaman sana,2766
bile bilmiyorum,olduğunu bile bilmiyorum,2764
bir hafta,bir hafta içinde,2763
bir tane,bir tane bile,2761
senin için,senin için sorun,2759
küçük bir,için küçük bir,2757
bana yardım,biri bana yardım,2756
ya da,ya da iki,2750
yardım etmek,bana yardım etmek,2748
bana yardım,bana yardım etmek,2748
her zaman,ve her zaman,2748
ve her,ve her zaman,2748
şey var,her şey var,2746
her şey,her şey var,2746
ama o,evet ama o,2745
evet ama,evet ama o,2745
daha kötü,çok daha kötü,2744
çok daha,çok daha kötü,2744
her zaman,her zaman çok,2744
hayır ben,hayır hayır ben,2742
hayır hayır,hayır hayır ben,2742
hiçbir şey,hiçbir şey mi,2741
şey mi,hiçbir şey mi,2741
yıl önce,üç yıl önce,2737
de bu,yine de bu,2732
yine de,yine de bu,2732
bizim için,bu bizim için,2731
bu bizim,bu bizim için,2731
hadi gidelim,hadi gidelim buradan,2729
gidelim buradan,hadi gidelim buradan,2729
şu anda,şu anda burada,2721
bir daha,bana bir daha,2719
bana bir,bana bir daha,2719
bu gece,bu gece olmaz,2716
belki de,belki de daha,2713
ne kadar,ne kadar istiyorsun,2713
demek oluyor,demek oluyor bu,2712
iyi bir,iyi bir insan,2711
bir insan,iyi bir insan,2711
bir gün,bir gün olacak,2710
bunu yapmak,bunu yapmak istemiyorum,2710
siz de,ve siz de,2703
de bu,bir de bu,2698
bir de,bir de bu,2698
o da,o da beni,2698
o zaman,o zaman seni,2695
ne dedim,ne dedim ben,2691
değil mi,olmalı değil mi,2690
değil mi,olur değil mi,2689
ya siz,peki ya siz,2688
peki ya,peki ya siz,2688
ne demek,bunun ne demek,2683
bunun ne,bunun ne demek,2683
bunun için,ve bunun için,2681
ya da,bir ya da,2681
buraya gel,hemen buraya gel,2679
onun hakkında,onun hakkında ne,2677
hakkında ne,onun hakkında ne,2677
çok iyi,evet çok iyi,2674
evet çok,evet çok iyi,2674
ya da,ya da ben,2672
eve gidelim,hadi eve gidelim,2671
çok iyi,çok iyi biliyorsun,2671
bu kadar,bu kadar geç,2670
bu kadar,seni bu kadar,2670
seni bu,seni bu kadar,2670
ne olur,ne olur ne,2664
bir iş,bir iş değil,2663
ona yardım,ona yardım et,2662
yardım et,ona yardım et,2662
neden bir,neden bir şey,2660
bu gece,bu gece çok,2660
bir şey,neden bir şey,2660
biliyor musun,bunu biliyor musun,2659
bunu biliyor,bunu biliyor musun,2659
yardım et,lütfen yardım et,2658
lütfen yardım,lütfen yardım et,2658
ve benim,ve benim için,2657
benim için,ve benim için,2657
bu kadar,bu kadar büyük,2655
ister misin,de ister misin,2653
biraz daha,biraz daha zaman,2652
nereden biliyorsun,sen nereden biliyorsun,2651
daha fazla,daha fazla para,2650
dakika sonra,bir dakika sonra,2644
bir dakika,bir dakika sonra,2644
bence de,evet bence de,2642
başka bir,başka bir iş,2639
bir iş,başka bir iş,2639
bir daha,bir daha böyle,2638
değil mi,vardı değil mi,2637
bu değil,şey bu değil,2636
şey bu,şey bu değil,2636
olduğunu biliyorum,orada olduğunu biliyorum,2635
bir adam,bir adam için,2633
orada ne,orada ne yapıyorsun,2627
için daha,senin için daha,2627
senin için,senin için daha,2627
ne yapıyorsun,orada ne yapıyorsun,2627
sanırım öyle,evet sanırım öyle,2626
evet sanırım,evet sanırım öyle,2626
biliyor musun,demek biliyor musun,2624
daha çok,daha çok var,2616
bizim için,bizim için çok,2615
için çok,bizim için çok,2615
her şey,her şey olabilir,2610
bakalım ne,bakalım ne oldu,2609
ne oldu,bakalım ne oldu,2609
ister misiniz,görmek ister misiniz,2605
görmek ister,görmek ister misiniz,2605
lanet olsun,lanet olsun sana,2602
her şey,artık her şey,2601
daha çok,daha çok bir,2599
küçük bir,sana küçük bir,2591
bir de,bir de şu,2588
daha sonra,bunu daha sonra,2586
bunu daha,bunu daha sonra,2586
hiçbir şey,hayır hiçbir şey,2585
biliyor musun,biliyor musun bu,2583
kadar zor,kadar zor olduğunu,2580
zor bir,zor bir gün,2572
bir gün,zor bir gün,2572
bir çocuk,bir çocuk gibi,2570
birkaç gün,birkaç gün sonra,2566
da iyi,daha da iyi,2564
daha da,daha da iyi,2564
biliyor musun,nedir biliyor musun,2562
hem de,evet hem de,2558
şu an,şu an çok,2556
yüzden mi,o yüzden mi,2552
o yüzden,o yüzden mi,2552
sorun değil,tamam sorun değil,2550
her zaman,bu her zaman,2545
değil mi,olacak değil mi,2539
biliyor mu,olduğunu biliyor mu,2537
olduğunu biliyor,olduğunu biliyor mu,2537
bir iş,bir iş için,2535
o kadar,o kadar zor,2533
kadar zor,o kadar zor,2533
da değil,kadar da değil,2530
kadar da,kadar da değil,2530
bu gece,bu gece mi,2529
nereden biliyorsun,olduğunu nereden biliyorsun,2527
nasıl bir,olmak nasıl bir,2525
de senin,de senin için,2524
senin için,de senin için,2524
bu önemli,bu önemli değil,2518
önemli değil,bu önemli değil,2518
daha fazla,biraz daha fazla,2515
biraz daha,biraz daha fazla,2515
ne zaman,ne zaman geri,2515
bir sorun,ilgili bir sorun,2514
ilgili bir,ilgili bir sorun,2514
bu yüzden,bu yüzden ben,2511
belki de,evet belki de,2511
senin için,senin için zor,2511
için daha,için daha fazla,2507
daha fazla,için daha fazla,2507
de iyi,hiç de iyi,2505
hiç de,hiç de iyi,2505
ben de,çünkü ben de,2503
çünkü ben,çünkü ben de,2503
belki de,belki de ben,2502
bir şey,hayır bir şey,2500
hayır bir,hayır bir şey,2500
bu doğru,ama bu doğru,2499
ama bu,ama bu doğru,2499
senin için,senin için değil,2497
için değil,senin için değil,2497
iyi olacak,şey iyi olacak,2496
bu şekilde,bu şekilde mi,2491
değil mi,geliyor değil mi,2490
ben bu,ve ben bu,2489
etmek için,kontrol etmek için,2489
ve ben,ve ben bu,2489
her şey,burada her şey,2488
biraz zaman,biraz zaman ver,2488
çok seviyorum,daha çok seviyorum,2486
daha çok,daha çok seviyorum,2486
için teşekkür,için teşekkür etmek,2485
değil mi,o değil mi,2479
o değil,o değil mi,2479
bir sorun,bu bir sorun,2476
bu bir,bu bir sorun,2476
sorun değil,için sorun değil,2474
ne olduğunu,ne olduğunu bile,2472
ki bu,ki bu da,2467
bu da,ki bu da,2467
o kadar,için o kadar,2460
şu anda,şu anda çok,2459
daha iyi,daha iyi mi,2457
iyi mi,daha iyi mi,2457
ben de,ben de biraz,2457
geç oldu,çok geç oldu,2457
çok geç,çok geç oldu,2457
çok geç,çok geç değil,2456
daha kötü,daha kötü bir,2453
kötü bir,daha kötü bir,2453
şu anda,şu anda ne,2450
ben de,ben de senden,2444
önemli olan,önemli olan da,2441
biliyor musun,şey biliyor musun,2441
bu önemli,bu önemli bir,2437
önemli bir,bu önemli bir,2437
ne kadar,onu ne kadar,2435
bu harika,bu harika olur,2434
harika olur,bu harika olur,2434
ya da,ya da hayır,2427
bir şey,bir şey olacak,2426
bunu bana,bunu bana nasıl,2426
git git,git git git,2421
de çok,gerçekten de çok,2419
gerçekten de,gerçekten de çok,2419
de senin,de senin gibi,2419
benim için,benim için büyük,2419
senin gibi,de senin gibi,2419
tabii ki,tabii ki öyle,2418
o zaman,hadi o zaman,2418
neden söz,sen neden söz,2415
sen neden,sen neden söz,2415
o da,o da senin,2413
da öyle,ya da öyle,2408
ya da,ya da öyle,2408
hiçbir şey,ilgili hiçbir şey,2407
her zaman,için her zaman,2405
için her,için her zaman,2405
güzel bir,daha güzel bir,2404
belki de,belki de bunu,2402
de bunu,belki de bunu,2402
biliyor musun,ama biliyor musun,2402
